,date,삼성전자_vol_exch,삼성전자_price_end,삼성전자_price_high,삼성전자_price_low,usage,y_test,y_test_pred
0,2018.12.24,9729530.0,38800.0,39050.0,38300.0,train,38800.0,
1,2018.12.26,12707675.0,38350.0,38750.0,38300.0,train,38350.0,
2,2018.12.27,10510643.0,38250.0,38800.0,38100.0,train,38250.0,
3,2018.12.28,9900267.0,38700.0,38900.0,38200.0,train,38700.0,
4,2019.01.02,7847664.0,38750.0,39400.0,38550.0,train,38750.0,
5,2019.01.03,12471493.0,37600.0,38550.0,37450.0,train,37600.0,
6,2019.01.04,14108958.0,37450.0,37600.0,36850.0,train,37450.0,
7,2019.01.07,12748997.0,38750.0,38900.0,37800.0,train,38750.0,
8,2019.01.08,12756554.0,38100.0,39200.0,37950.0,train,38100.0,
9,2019.01.09,17452708.0,39600.0,39600.0,38300.0,train,39600.0,
10,2019.01.10,14731699.0,39800.0,40150.0,39600.0,train,39800.0,
11,2019.01.11,11661063.0,40500.0,40550.0,39950.0,train,40500.0,
12,2019.01.14,11984996.0,40050.0,40700.0,39850.0,train,40050.0,
13,2019.01.15,11492756.0,41100.0,41100.0,39850.0,train,41100.0,
14,2019.01.16,8491595.0,41450.0,41450.0,40700.0,train,41450.0,
15,2019.01.17,11736903.0,41950.0,42100.0,41450.0,train,41950.0,
16,2019.01.18,11029256.0,42300.0,42400.0,41950.0,train,42300.0,
17,2019.01.21,11355701.0,42750.0,42750.0,41900.0,train,42750.0,
18,2019.01.22,9964356.0,42150.0,42850.0,41850.0,train,42150.0,
19,2019.01.23,11071079.0,42000.0,42250.0,41350.0,train,42000.0,
20,2019.01.24,14747623.0,43050.0,43100.0,42350.0,train,43050.0,
21,2019.01.25,22789395.0,44750.0,44750.0,43750.0,train,44750.0,
22,2019.01.28,17998914.0,45050.0,45500.0,44600.0,train,45050.0,
23,2019.01.29,16215017.0,45500.0,45500.0,44350.0,train,45500.0,
24,2019.01.30,17505980.0,46400.0,46400.0,44800.0,train,46400.0,
25,2019.01.31,21621145.0,46150.0,47050.0,46150.0,test,46150.0,46659.56
26,2019.02.01,13832454.0,46350.0,46950.0,46250.0,train,46350.0,
27,2019.02.07,15872001.0,46200.0,47100.0,46200.0,train,46200.0,
28,2019.02.08,12689196.0,44800.0,45700.0,44650.0,train,44800.0,
29,2019.02.11,11125044.0,45000.0,45000.0,44250.0,train,45000.0,
30,2019.02.12,13184367.0,46050.0,46250.0,44650.0,train,46050.0,
31,2019.02.13,11299738.0,46200.0,46700.0,46000.0,train,46200.0,
32,2019.02.14,17259341.0,47500.0,47500.0,46150.0,train,47500.0,
33,2019.02.15,10554643.0,46050.0,46850.0,45650.0,train,46050.0,
34,2019.02.18,8183728.0,46200.0,46850.0,45850.0,train,46200.0,
35,2019.02.19,6741395.0,45950.0,46150.0,45450.0,train,45950.0,
36,2019.02.20,11506720.0,46900.0,47100.0,46500.0,train,46900.0,
37,2019.02.21,8694009.0,46950.0,47200.0,46200.0,train,46950.0,
38,2019.02.22,6895772.0,47150.0,47150.0,46450.0,train,47150.0,
39,2019.02.25,7484716.0,47350.0,47550.0,47050.0,train,47350.0,
40,2019.02.26,7985547.0,46750.0,47450.0,46500.0,train,46750.0,
41,2019.02.27,8045211.0,46750.0,47250.0,46750.0,train,46750.0,
42,2019.02.28,23569321.0,45100.0,46500.0,45100.0,train,45100.0,
43,2019.03.04,12926539.0,44850.0,46100.0,44800.0,train,44850.0,
44,2019.03.05,10612405.0,44250.0,45100.0,44150.0,train,44250.0,
45,2019.03.06,10202544.0,44000.0,44300.0,43700.0,train,44000.0,
46,2019.03.07,11049749.0,44450.0,44950.0,43400.0,train,44450.0,
47,2019.03.08,7729069.0,43800.0,44800.0,43800.0,train,43800.0,
48,2019.03.11,10717408.0,43650.0,44450.0,43650.0,train,43650.0,
49,2019.03.12,11431977.0,44650.0,44950.0,44150.0,train,44650.0,
50,2019.03.13,8108343.0,43850.0,44450.0,43700.0,train,43850.0,
51,2019.03.14,18039161.0,43850.0,44300.0,43550.0,train,43850.0,
52,2019.03.15,16814163.0,44200.0,44250.0,43700.0,train,44200.0,
53,2019.03.18,8188876.0,43700.0,44150.0,43450.0,train,43700.0,
54,2019.03.19,7609563.0,43900.0,43900.0,43550.0,train,43900.0,
55,2019.03.20,9846242.0,44050.0,44200.0,43100.0,train,44050.0,
56,2019.03.21,21138016.0,45850.0,46250.0,44050.0,train,45850.0,
57,2019.03.22,12535911.0,46550.0,47000.0,46250.0,train,46550.0,
58,2019.03.25,8699728.0,45500.0,45650.0,44800.0,train,45500.0,
59,2019.03.26,9729811.0,45250.0,45700.0,44900.0,train,45250.0,
60,2019.03.27,9568081.0,45350.0,45600.0,44250.0,train,45350.0,
61,2019.03.28,6821306.0,44850.0,45200.0,44300.0,train,44850.0,
62,2019.03.29,11491713.0,44650.0,44900.0,44200.0,train,44650.0,
63,2019.04.01,7362129.0,45050.0,45450.0,44850.0,train,45050.0,
64,2019.04.02,9480688.0,45750.0,46100.0,45350.0,train,45750.0,
65,2019.04.03,12436570.0,46600.0,46750.0,45800.0,train,46600.0,
66,2019.04.04,12650168.0,46950.0,47100.0,46150.0,train,46950.0,
67,2019.04.05,8546339.0,46850.0,47550.0,46600.0,train,46850.0,
68,2019.04.08,8507909.0,46650.0,47250.0,46150.0,train,46650.0,
69,2019.04.09,6878761.0,46650.0,46950.0,46200.0,train,46650.0,
70,2019.04.10,11883995.0,46700.0,46700.0,46050.0,train,46700.0,
71,2019.04.11,13697399.0,46250.0,46800.0,46150.0,train,46250.0,
72,2019.04.12,7668936.0,46850.0,46900.0,46000.0,train,46850.0,
73,2019.04.15,8733019.0,47050.0,47500.0,47000.0,train,47050.0,
74,2019.04.16,7730881.0,47250.0,47400.0,46800.0,train,47250.0,
75,2019.04.17,5513658.0,47050.0,47600.0,47000.0,train,47050.0,
76,2019.04.18,12808747.0,45600.0,47250.0,45500.0,train,45600.0,
77,2019.04.19,8479710.0,45300.0,46000.0,45250.0,train,45300.0,
78,2019.04.22,6006957.0,45350.0,45900.0,45100.0,train,45350.0,
79,2019.04.23,6920566.0,45200.0,45500.0,45000.0,train,45200.0,
80,2019.04.24,13299267.0,44750.0,45650.0,44150.0,train,44750.0,
81,2019.04.25,10868965.0,44650.0,45000.0,44100.0,train,44650.0,
82,2019.04.26,9739982.0,44850.0,45000.0,43800.0,train,44850.0,
83,2019.04.29,8777517.0,46150.0,46150.0,45100.0,train,46150.0,
84,2019.04.30,11121273.0,45850.0,46300.0,45350.0,train,45850.0,
85,2019.05.02,8625126.0,45900.0,46150.0,45400.0,train,45900.0,
86,2019.05.03,6562916.0,45300.0,46050.0,45300.0,train,45300.0,
87,2019.05.07,12014907.0,44850.0,45300.0,44400.0,train,44850.0,
88,2019.05.08,10398754.0,44250.0,44850.0,44200.0,train,44250.0,
89,2019.05.09,23029718.0,42450.0,44250.0,42450.0,train,42450.0,
90,2019.05.10,14579512.0,42900.0,43450.0,42450.0,train,42900.0,
91,2019.05.13,7635079.0,42650.0,43200.0,42350.0,train,42650.0,
92,2019.05.14,11563730.0,42650.0,43100.0,41300.0,train,42650.0,
93,2019.05.15,7670185.0,42550.0,43050.0,42550.0,train,42550.0,
94,2019.05.16,13687828.0,41550.0,42400.0,41350.0,train,41550.0,
95,2019.05.17,13357951.0,41200.0,42050.0,40850.0,train,41200.0,
96,2019.05.20,15752397.0,42000.0,42100.0,41550.0,train,42000.0,
97,2019.05.21,18812133.0,43150.0,43950.0,42350.0,train,43150.0,
98,2019.05.22,11033339.0,43500.0,43800.0,42400.0,train,43500.0,
99,2019.05.23,12259006.0,43850.0,44000.0,43250.0,train,43850.0,
100,2019.05.24,13966305.0,42700.0,43800.0,42400.0,train,42700.0,
101,2019.05.27,8066669.0,42650.0,43000.0,42350.0,train,42650.0,
102,2019.05.28,24506881.0,42550.0,42950.0,42150.0,train,42550.0,
103,2019.05.29,14930618.0,41800.0,42100.0,41300.0,train,41800.0,
104,2019.05.30,11766018.0,42550.0,42700.0,42150.0,test,42550.0,42603.05
105,2019.05.31,11365999.0,42500.0,42800.0,42150.0,train,42500.0,
106,2019.06.03,15466580.0,43800.0,43900.0,42500.0,train,43800.0,
107,2019.06.04,9913497.0,43450.0,43700.0,43000.0,train,43450.0,
108,2019.06.05,12464135.0,43900.0,44200.0,43700.0,train,43900.0,
109,2019.06.07,11683682.0,44200.0,44350.0,43450.0,train,44200.0,
110,2019.06.10,8792182.0,44800.0,44850.0,44050.0,train,44800.0,
111,2019.06.11,6664872.0,44850.0,45000.0,44550.0,train,44850.0,
112,2019.06.12,8607439.0,44600.0,45050.0,44300.0,train,44600.0,
113,2019.06.13,16906541.0,43750.0,44400.0,43400.0,train,43750.0,
114,2019.06.14,9322873.0,44000.0,44150.0,43300.0,test,44000.0,43580.363
115,2019.06.17,11890424.0,43900.0,44050.0,43400.0,train,43900.0,
116,2019.06.18,7994928.0,44350.0,44500.0,43650.0,train,44350.0,
117,2019.06.19,10417690.0,45350.0,45450.0,45000.0,train,45350.0,
118,2019.06.20,7147785.0,45500.0,45500.0,44850.0,train,45500.0,
119,2019.06.21,9454913.0,45700.0,45800.0,45200.0,train,45700.0,
120,2019.06.24,6085066.0,45500.0,45800.0,45200.0,train,45500.0,
121,2019.06.25,7076774.0,45600.0,45800.0,45200.0,train,45600.0,
122,2019.06.26,9226097.0,45700.0,46000.0,45600.0,train,45700.0,
123,2019.06.27,12603534.0,46500.0,46600.0,45750.0,train,46500.0,
124,2019.06.28,12949231.0,47000.0,47000.0,46700.0,train,47000.0,
125,2019.07.01,11383522.0,46600.0,47400.0,46250.0,train,46600.0,
126,2019.07.02,8463073.0,46250.0,46900.0,45850.0,train,46250.0,
127,2019.07.03,9669368.0,45400.0,46350.0,45200.0,train,45400.0,
128,2019.07.04,6365573.0,46000.0,46200.0,45250.0,train,46000.0,
129,2019.07.05,7235395.0,45650.0,45950.0,45250.0,train,45650.0,
130,2019.07.08,7823843.0,44400.0,44800.0,44350.0,train,44400.0,
131,2019.07.09,7646421.0,45100.0,45450.0,44700.0,train,45100.0,
132,2019.07.10,9253930.0,45550.0,46150.0,45500.0,train,45550.0,
133,2019.07.11,10989751.0,46200.0,46550.0,46150.0,train,46200.0,
134,2019.07.12,5245804.0,46300.0,46400.0,45800.0,train,46300.0,
135,2019.07.15,4717226.0,46450.0,46650.0,45750.0,train,46450.0,
136,2019.07.16,7407824.0,46850.0,46850.0,46300.0,train,46850.0,
137,2019.07.17,5216602.0,46050.0,46350.0,45950.0,train,46050.0,
138,2019.07.18,5143554.0,46100.0,46450.0,45650.0,train,46100.0,
139,2019.07.19,8819393.0,46800.0,46950.0,46600.0,train,46800.0,
140,2019.07.22,9009109.0,47200.0,47300.0,46600.0,train,47200.0,
141,2019.07.23,9061381.0,47300.0,47550.0,47050.0,train,47300.0,
142,2019.07.24,8756522.0,46400.0,47150.0,46250.0,test,46400.0,46458.44
143,2019.07.25,8408838.0,47200.0,47200.0,46600.0,train,47200.0,
144,2019.07.26,7873886.0,47150.0,47150.0,46550.0,train,47150.0,
145,2019.07.29,6856846.0,46100.0,47050.0,46000.0,train,46100.0,
146,2019.07.30,5551014.0,46550.0,46850.0,46300.0,train,46550.0,
147,2019.07.31,12872916.0,45350.0,46600.0,45000.0,train,45350.0,
148,2019.08.01,7811181.0,45200.0,45500.0,44850.0,train,45200.0,
149,2019.08.02,12151374.0,44950.0,45500.0,44300.0,train,44950.0,
150,2019.08.05,14214086.0,43950.0,44600.0,43600.0,train,43950.0,
151,2019.08.06,15083824.0,43500.0,43800.0,42500.0,train,43500.0,
152,2019.08.07,10002533.0,43200.0,43900.0,43100.0,train,43200.0,
153,2019.08.08,16926881.0,42650.0,43500.0,42650.0,train,42650.0,
154,2019.08.09,9685147.0,43150.0,43350.0,43050.0,train,43150.0,
155,2019.08.12,8466169.0,43700.0,44000.0,43550.0,train,43700.0,
156,2019.08.13,7276979.0,43000.0,43500.0,42950.0,train,43000.0,
157,2019.08.14,8750135.0,43700.0,44250.0,43500.0,train,43700.0,
158,2019.08.16,9528115.0,43900.0,43900.0,43300.0,train,43900.0,
159,2019.08.19,6014218.0,43600.0,44350.0,43500.0,train,43600.0,
160,2019.08.20,8434205.0,44450.0,44600.0,43550.0,train,44450.0,
161,2019.08.21,6571717.0,44500.0,44800.0,44150.0,train,44500.0,
162,2019.08.22,8061177.0,44050.0,44700.0,43850.0,train,44050.0,
163,2019.08.23,5017381.0,43950.0,44200.0,43650.0,train,43950.0,
164,2019.08.26,7954949.0,43600.0,43800.0,42950.0,train,43600.0,
165,2019.08.27,16883932.0,44050.0,44200.0,43600.0,train,44050.0,
166,2019.08.28,5758333.0,44150.0,44400.0,43750.0,train,44150.0,
167,2019.08.29,10768862.0,43400.0,44200.0,43050.0,train,43400.0,
168,2019.08.30,9899073.0,44000.0,44300.0,43750.0,train,44000.0,
169,2019.09.02,7185537.0,43800.0,44850.0,43650.0,train,43800.0,
170,2019.09.03,9774941.0,43250.0,43650.0,43100.0,train,43250.0,
171,2019.09.04,12441837.0,44100.0,44100.0,43150.0,train,44100.0,
172,2019.09.05,18297430.0,45700.0,46100.0,44450.0,train,45700.0,
173,2019.09.06,9896562.0,46300.0,46500.0,45850.0,train,46300.0,
174,2019.09.09,9434157.0,46900.0,47000.0,46300.0,train,46900.0,
175,2019.09.10,9231792.0,47000.0,47200.0,46550.0,train,47000.0,
176,2019.09.11,16141619.0,47150.0,47400.0,46800.0,train,47150.0,
177,2019.09.16,15550926.0,47100.0,47100.0,46400.0,train,47100.0,
178,2019.09.17,7006280.0,46900.0,47100.0,46800.0,train,46900.0,
179,2019.09.18,10413027.0,47700.0,47700.0,46800.0,train,47700.0,
180,2019.09.19,16461413.0,49150.0,49200.0,47850.0,train,49150.0,
181,2019.09.20,15460210.0,49200.0,49600.0,49100.0,train,49200.0,
182,2019.09.23,7568553.0,49300.0,49300.0,49000.0,train,49300.0,
183,2019.09.24,7871955.0,49500.0,49650.0,48850.0,train,49500.0,
184,2019.09.25,9187141.0,48900.0,49350.0,48800.0,train,48900.0,
185,2019.09.26,8494756.0,49200.0,49250.0,48900.0,train,49200.0,
186,2019.09.27,8048041.0,48400.0,48700.0,48000.0,train,48400.0,
187,2019.09.30,9497119.0,49050.0,49250.0,47900.0,train,49050.0,
188,2019.10.01,6206035.0,48850.0,49100.0,48650.0,train,48850.0,
189,2019.10.02,8382463.0,47600.0,48400.0,47600.0,train,47600.0,
190,2019.10.04,9331695.0,48000.0,48650.0,47350.0,train,48000.0,
191,2019.10.07,7047273.0,47750.0,48700.0,47650.0,train,47750.0,
192,2019.10.08,14239367.0,48900.0,49000.0,47600.0,train,48900.0,
193,2019.10.10,18639855.0,48550.0,49200.0,48000.0,train,48550.0,
194,2019.10.11,7783275.0,49150.0,49450.0,48800.0,train,49150.0,
195,2019.10.14,11130635.0,50000.0,50300.0,49850.0,train,50000.0,
196,2019.10.15,6058105.0,50100.0,50200.0,49900.0,train,50100.0,
197,2019.10.16,9136282.0,50700.0,50900.0,50400.0,train,50700.0,
198,2019.10.17,6701380.0,50500.0,50600.0,50100.0,train,50500.0,
199,2019.10.18,8483106.0,49900.0,50900.0,49650.0,train,49900.0,
200,2019.10.21,4406531.0,50300.0,50400.0,49800.0,train,50300.0,
201,2019.10.22,10898729.0,51200.0,51500.0,50700.0,train,51200.0,
202,2019.10.23,8663880.0,51200.0,51500.0,50800.0,train,51200.0,
203,2019.10.24,21185785.0,50700.0,52500.0,50500.0,train,50700.0,
204,2019.10.25,7879897.0,50900.0,51200.0,50500.0,train,50900.0,
205,2019.10.28,6431522.0,51300.0,51500.0,50700.0,train,51300.0,
206,2019.10.29,7581629.0,51100.0,51700.0,50800.0,train,51100.0,
207,2019.10.30,8959435.0,50400.0,50800.0,50200.0,train,50400.0,
208,2019.10.31,10304777.0,50400.0,51400.0,50300.0,train,50400.0,
209,2019.11.01,8467846.0,51200.0,51200.0,50400.0,train,51200.0,
210,2019.11.04,13012411.0,52300.0,52300.0,51400.0,train,52300.0,
211,2019.11.05,10581034.0,52700.0,52700.0,52100.0,train,52700.0,
212,2019.11.06,14361133.0,53300.0,53500.0,52700.0,train,53300.0,
213,2019.11.07,9257116.0,52900.0,53400.0,52400.0,train,52900.0,
214,2019.11.08,11603290.0,52100.0,53300.0,52000.0,train,52100.0,
215,2019.11.11,8185952.0,51600.0,52200.0,51400.0,train,51600.0,
216,2019.11.12,6576148.0,52600.0,52600.0,51600.0,train,52600.0,
217,2019.11.13,6225196.0,52500.0,52500.0,52000.0,train,52500.0,
218,2019.11.14,12010018.0,52800.0,52800.0,51900.0,train,52800.0,
219,2019.11.15,9703360.0,53700.0,53700.0,52600.0,train,53700.0,
220,2019.11.18,7746554.0,53500.0,53800.0,53200.0,train,53500.0,
221,2019.11.19,8907177.0,53500.0,53500.0,52700.0,train,53500.0,
222,2019.11.20,12560070.0,52000.0,53400.0,52000.0,train,52000.0,
223,2019.11.21,14298646.0,51000.0,52100.0,50600.0,train,51000.0,
224,2019.11.22,8478310.0,51600.0,51600.0,50900.0,train,51600.0,
225,2019.11.25,9050625.0,51800.0,52600.0,51700.0,train,51800.0,
226,2019.11.26,27372226.0,51800.0,52900.0,51800.0,train,51800.0,
227,2019.11.27,7546261.0,52200.0,52300.0,51600.0,train,52200.0,
228,2019.11.28,6833885.0,51300.0,52100.0,51300.0,test,51300.0,51383.133
229,2019.11.29,11179334.0,50300.0,51400.0,50200.0,train,50300.0,
230,2019.12.02,18877252.0,50400.0,51300.0,50400.0,train,50400.0,
231,2019.12.03,12059812.0,49900.0,50300.0,49500.0,train,49900.0,
232,2019.12.04,13246549.0,49450.0,49850.0,49000.0,train,49450.0,
233,2019.12.05,10449715.0,49500.0,50400.0,49500.0,train,49500.0,
234,2019.12.06,11414563.0,50400.0,50900.0,49950.0,train,50400.0,
235,2019.12.09,8470627.0,51200.0,51400.0,50700.0,train,51200.0,
236,2019.12.10,6882771.0,51500.0,51600.0,50700.0,train,51500.0,
237,2019.12.11,11379521.0,51900.0,52200.0,51400.0,train,51900.0,
238,2019.12.12,29178697.0,53300.0,53300.0,52700.0,train,53300.0,
239,2019.12.13,18120261.0,54700.0,54800.0,53900.0,train,54700.0,
240,2019.12.16,11512405.0,54700.0,54900.0,54300.0,train,54700.0,
241,2019.12.17,19358433.0,56700.0,56700.0,55400.0,train,56700.0,
242,2019.12.18,15558208.0,56300.0,57200.0,56000.0,train,56300.0,
243,2019.12.19,14180520.0,56000.0,57300.0,55500.0,train,56000.0,
244,2019.12.20,12095519.0,56000.0,56500.0,55600.0,train,56000.0,
245,2019.12.23,9839252.0,55500.0,56400.0,55100.0,train,55500.0,
246,2019.12.24,11868463.0,55000.0,55700.0,54800.0,train,55000.0,
247,2019.12.26,9645034.0,55400.0,55400.0,54400.0,train,55400.0,
248,2019.12.27,12313056.0,56500.0,56900.0,55500.0,train,56500.0,
249,2019.12.30,8356767.0,55800.0,56600.0,55700.0,train,55800.0,
250,2020.01.02,12993228.0,55200.0,56000.0,55000.0,test,55200.0,55246.93
251,2020.01.03,15422255.0,55500.0,56600.0,54900.0,train,55500.0,
252,2020.01.06,10278951.0,55500.0,55600.0,54600.0,train,55500.0,
253,2020.01.07,10009778.0,55800.0,56400.0,55600.0,train,55800.0,
254,2020.01.08,23501171.0,56800.0,57400.0,55900.0,train,56800.0,
255,2020.01.09,24102579.0,58600.0,58600.0,57400.0,train,58600.0,
256,2020.01.10,16000170.0,59500.0,59700.0,58300.0,train,59500.0,
257,2020.01.13,11359139.0,60000.0,60000.0,59100.0,train,60000.0,
258,2020.01.14,16906295.0,60000.0,61000.0,59900.0,train,60000.0,
259,2020.01.15,14300928.0,59000.0,59600.0,58900.0,train,59000.0,
260,2020.01.16,14381774.0,60700.0,60700.0,59000.0,train,60700.0,
261,2020.01.17,16025661.0,61300.0,62000.0,61000.0,train,61300.0,
262,2020.01.20,12528855.0,62400.0,62800.0,61700.0,train,62400.0,
263,2020.01.21,11142693.0,61400.0,62400.0,61200.0,train,61400.0,
264,2020.01.22,15339565.0,62300.0,62600.0,60400.0,train,62300.0,
265,2020.01.23,14916555.0,60800.0,61800.0,60700.0,train,60800.0,
266,2020.01.28,23664541.0,58800.0,59400.0,58300.0,train,58800.0,
267,2020.01.29,16446102.0,59100.0,59700.0,58800.0,train,59100.0,
268,2020.01.30,20821939.0,57200.0,58800.0,56800.0,train,57200.0,
269,2020.01.31,19749457.0,56400.0,58400.0,56400.0,train,56400.0,
270,2020.02.03,23995260.0,57200.0,57400.0,55200.0,train,57200.0,
271,2020.02.04,21800192.0,58900.0,59000.0,56800.0,train,58900.0,
272,2020.02.05,19278165.0,59500.0,60200.0,58900.0,train,59500.0,
273,2020.02.06,14727159.0,61100.0,61100.0,59700.0,train,61100.0,
274,2020.02.07,16402493.0,60400.0,61200.0,59700.0,train,60400.0,
275,2020.02.10,13107121.0,59700.0,59800.0,59100.0,train,59700.0,
276,2020.02.11,11071231.0,59900.0,60700.0,59700.0,train,59900.0,
277,2020.02.12,12904207.0,60500.0,60700.0,59700.0,train,60500.0,
278,2020.02.13,18449775.0,60700.0,61600.0,60500.0,train,60700.0,
279,2020.02.14,13276067.0,61800.0,61900.0,60200.0,train,61800.0,
280,2020.02.17,8740596.0,61500.0,62000.0,61200.0,train,61500.0,
281,2020.02.18,16674266.0,59800.0,60900.0,59700.0,test,59800.0,60061.293
282,2020.02.19,12951496.0,60200.0,60400.0,59400.0,train,60200.0,
283,2020.02.20,14591924.0,60000.0,61300.0,59600.0,train,60000.0,
284,2020.02.21,13777393.0,59200.0,59800.0,58500.0,train,59200.0,
285,2020.02.24,25627537.0,56800.0,58100.0,56800.0,train,56800.0,
286,2020.02.25,23885408.0,57900.0,58000.0,56200.0,train,57900.0,
287,2020.02.26,25483102.0,56500.0,57000.0,56000.0,train,56500.0,
288,2020.02.27,23209541.0,55900.0,56900.0,55500.0,train,55900.0,
289,2020.02.28,30054227.0,54200.0,55500.0,54200.0,train,54200.0,
290,2020.03.02,30403412.0,55000.0,55500.0,53600.0,train,55000.0,
291,2020.03.03,30330295.0,55400.0,56900.0,55100.0,train,55400.0,
292,2020.03.04,24765728.0,57400.0,57600.0,54600.0,train,57400.0,
293,2020.03.05,21698990.0,57800.0,58000.0,56700.0,train,57800.0,
294,2020.03.06,18716656.0,56500.0,57200.0,56200.0,train,56500.0,
295,2020.03.09,30261485.0,54200.0,55000.0,53600.0,train,54200.0,
296,2020.03.10,32106554.0,54600.0,54900.0,53700.0,train,54600.0,
297,2020.03.11,45707281.0,52100.0,54400.0,52000.0,train,52100.0,
298,2020.03.12,48149999.0,50800.0,51900.0,49300.0,train,50800.0,
299,2020.03.13,59462933.0,49950.0,51600.0,46850.0,train,49950.0,
300,2020.03.16,33339821.0,48900.0,50900.0,48800.0,train,48900.0,
301,2020.03.17,51218151.0,47300.0,49650.0,46700.0,train,47300.0,
302,2020.03.18,40152623.0,45600.0,48350.0,45600.0,train,45600.0,
303,2020.03.19,56925513.0,42950.0,46650.0,42300.0,train,42950.0,
304,2020.03.20,49730008.0,45400.0,45500.0,43550.0,train,45400.0,
305,2020.03.23,41701626.0,42500.0,43550.0,42400.0,train,42500.0,
306,2020.03.24,49801908.0,46950.0,46950.0,43050.0,train,46950.0,
307,2020.03.25,52735922.0,48650.0,49600.0,47150.0,train,48650.0,
308,2020.03.26,42185129.0,47800.0,49300.0,47700.0,train,47800.0,
309,2020.03.27,39896178.0,48300.0,49700.0,46850.0,train,48300.0,
310,2020.03.30,26797395.0,47850.0,48350.0,46550.0,train,47850.0,
311,2020.03.31,30654261.0,47750.0,48500.0,47150.0,train,47750.0,
312,2020.04.01,27259532.0,45800.0,47900.0,45800.0,train,45800.0,
313,2020.04.02,21621076.0,46800.0,46850.0,45350.0,train,46800.0,
314,2020.04.03,22784682.0,47000.0,47600.0,46550.0,train,47000.0,
315,2020.04.06,23395726.0,48700.0,48800.0,47250.0,train,48700.0,
316,2020.04.07,31524034.0,49600.0,50200.0,49000.0,train,49600.0,
317,2020.04.08,25010314.0,48600.0,49750.0,48600.0,train,48600.0,
318,2020.04.09,22628058.0,49100.0,49800.0,48700.0,train,49100.0,
319,2020.04.10,17839111.0,49250.0,49250.0,48650.0,train,49250.0,
320,2020.04.13,14431800.0,48300.0,48900.0,48300.0,train,48300.0,
321,2020.04.14,14206216.0,49000.0,49200.0,48300.0,train,49000.0,
322,2020.04.16,23349760.0,49000.0,49350.0,48550.0,train,49000.0,
323,2020.04.17,32041675.0,51400.0,52000.0,50300.0,train,51400.0,
324,2020.04.20,21866354.0,50100.0,51400.0,50000.0,train,50100.0,
325,2020.04.21,27407543.0,49250.0,49700.0,48700.0,train,49250.0,
326,2020.04.22,18613864.0,49850.0,50000.0,48350.0,train,49850.0,
327,2020.04.23,18754442.0,49850.0,50300.0,49500.0,train,49850.0,
328,2020.04.24,15618347.0,49350.0,49750.0,49000.0,train,49350.0,
329,2020.04.27,14049471.0,49850.0,50000.0,49100.0,train,49850.0,
330,2020.04.28,16095399.0,50100.0,50100.0,49300.0,train,50100.0,
331,2020.04.29,15604533.0,50000.0,50500.0,49600.0,train,50000.0,
332,2020.05.04,26083749.0,48500.0,49100.0,48500.0,train,48500.0,
333,2020.05.06,18070225.0,49200.0,49200.0,48500.0,train,49200.0,
334,2020.05.07,13884411.0,48800.0,49300.0,48700.0,train,48800.0,
335,2020.05.08,15319700.0,48800.0,49350.0,48800.0,train,48800.0,
336,2020.05.11,16357743.0,48400.0,49250.0,48300.0,train,48400.0,
337,2020.05.12,23433590.0,47900.0,48500.0,47550.0,train,47900.0,
338,2020.05.13,20223277.0,48550.0,48550.0,47200.0,train,48550.0,
339,2020.05.14,19305974.0,48000.0,48100.0,47650.0,train,48000.0,
340,2020.05.15,18463118.0,47850.0,48450.0,47700.0,train,47850.0,
341,2020.05.18,20481981.0,48800.0,49100.0,47600.0,train,48800.0,
342,2020.05.19,25168295.0,50300.0,50500.0,49700.0,train,50300.0,
343,2020.05.20,14896899.0,50000.0,50200.0,49800.0,train,50000.0,
344,2020.05.21,14949266.0,49950.0,50400.0,49850.0,train,49950.0,
345,2020.05.22,19706284.0,48750.0,49800.0,48600.0,train,48750.0,
346,2020.05.25,14337913.0,48850.0,48900.0,48450.0,train,48850.0,
347,2020.05.26,15127490.0,49250.0,49450.0,48600.0,train,49250.0,
348,2020.05.27,19548479.0,49900.0,50000.0,48800.0,train,49900.0,
349,2020.05.28,31309318.0,50400.0,51200.0,49900.0,train,50400.0,
350,2020.05.29,27596961.0,50700.0,50700.0,49700.0,train,50700.0,
351,2020.06.01,16949183.0,51200.0,51200.0,50600.0,train,51200.0,
352,2020.06.02,14247933.0,51400.0,51500.0,50800.0,train,51400.0,
353,2020.06.03,49257814.0,54500.0,55000.0,51700.0,train,54500.0,
354,2020.06.04,40220334.0,54600.0,57000.0,54600.0,train,54600.0,
355,2020.06.05,22743629.0,55500.0,55900.0,54000.0,train,55500.0,
356,2020.06.08,25634965.0,54900.0,56500.0,54700.0,train,54900.0,
357,2020.06.09,23998831.0,55500.0,56500.0,54400.0,train,55500.0,
358,2020.06.10,16742493.0,55400.0,55900.0,54900.0,train,55400.0,
359,2020.06.11,33815123.0,54300.0,55100.0,53200.0,train,54300.0,
360,2020.06.12,26976019.0,52300.0,52800.0,51500.0,train,52300.0,
361,2020.06.15,28772921.0,49900.0,52000.0,49900.0,train,49900.0,
362,2020.06.16,21808375.0,52100.0,52100.0,50600.0,train,52100.0,
363,2020.06.17,26672595.0,52200.0,52900.0,51300.0,train,52200.0,
364,2020.06.18,15982926.0,52300.0,52300.0,51600.0,train,52300.0,
365,2020.06.19,18157985.0,52900.0,52900.0,51600.0,train,52900.0,
366,2020.06.22,13801350.0,52000.0,52600.0,51800.0,train,52000.0,
367,2020.06.23,18086152.0,51400.0,52800.0,51100.0,train,51400.0,
368,2020.06.24,24519552.0,52900.0,53900.0,51600.0,train,52900.0,
369,2020.06.25,18541624.0,51900.0,53000.0,51900.0,train,51900.0,
370,2020.06.26,21575360.0,53300.0,53900.0,52200.0,train,53300.0,
371,2020.06.29,17776925.0,52400.0,53200.0,52000.0,train,52400.0,
372,2020.06.30,21157172.0,52800.0,53900.0,52800.0,train,52800.0,
373,2020.07.01,16706143.0,52600.0,53600.0,52400.0,train,52600.0,
374,2020.07.02,14142583.0,52900.0,52900.0,52100.0,train,52900.0,
375,2020.07.03,11887868.0,53600.0,53600.0,52700.0,train,53600.0,
376,2020.07.06,19856623.0,55000.0,55000.0,53800.0,train,55000.0,
377,2020.07.07,30760032.0,53400.0,55900.0,53400.0,train,53400.0,
378,2020.07.08,19664652.0,53000.0,53900.0,52900.0,train,53000.0,
379,2020.07.09,17054850.0,52800.0,53600.0,52800.0,train,52800.0,
380,2020.07.10,13714746.0,52700.0,53200.0,52300.0,train,52700.0,
381,2020.07.13,12240188.0,53400.0,53800.0,53100.0,train,53400.0,
382,2020.07.14,14269484.0,53800.0,53800.0,53200.0,train,53800.0,
383,2020.07.15,24051450.0,54700.0,55000.0,54300.0,train,54700.0,
384,2020.07.16,16779127.0,53800.0,54800.0,53800.0,train,53800.0,
385,2020.07.17,10096174.0,54400.0,54700.0,54100.0,train,54400.0,
386,2020.07.20,10507530.0,54200.0,54800.0,54000.0,train,54200.0,
387,2020.07.21,18297260.0,55300.0,55400.0,54800.0,train,55300.0,
388,2020.07.22,12885057.0,54700.0,55500.0,54700.0,train,54700.0,
389,2020.07.23,16214932.0,54100.0,54700.0,53800.0,train,54100.0,
390,2020.07.24,10994535.0,54200.0,54400.0,53700.0,train,54200.0,
391,2020.07.27,21054421.0,55600.0,55700.0,54300.0,train,55600.0,
392,2020.07.28,48431566.0,58600.0,58800.0,56400.0,train,58600.0,
393,2020.07.29,36476611.0,59000.0,60400.0,58600.0,train,59000.0,
394,2020.07.30,19285354.0,59000.0,60100.0,59000.0,train,59000.0,
395,2020.07.31,21943345.0,57900.0,59600.0,57700.0,train,57900.0,
396,2020.08.03,21158940.0,56800.0,57900.0,56700.0,train,56800.0,
397,2020.08.04,19419694.0,57300.0,58100.0,57000.0,train,57300.0,
398,2020.08.05,17739706.0,56900.0,57500.0,56300.0,train,56900.0,
399,2020.08.06,21625874.0,58000.0,58400.0,57100.0,train,58000.0,
400,2020.08.07,18751717.0,57500.0,58400.0,57100.0,train,57500.0,
401,2020.08.10,17774291.0,57800.0,58300.0,57500.0,train,57800.0,
402,2020.08.11,24907912.0,58200.0,59500.0,57800.0,train,58200.0,
403,2020.08.12,18573934.0,59000.0,59000.0,57700.0,train,59000.0,
404,2020.08.13,22089460.0,58700.0,59600.0,58000.0,train,58700.0,
405,2020.08.14,15672548.0,58000.0,58400.0,57700.0,train,58000.0,
406,2020.08.18,25307825.0,58400.0,59900.0,58000.0,train,58400.0,
407,2020.08.19,16930719.0,57800.0,59200.0,57800.0,train,57800.0,
408,2020.08.20,30386029.0,55400.0,57600.0,55300.0,train,55400.0,
409,2020.08.21,21142288.0,55900.0,56900.0,55800.0,train,55900.0,
410,2020.08.24,15055896.0,56100.0,56600.0,55400.0,train,56100.0,
411,2020.08.25,14021705.0,56400.0,56800.0,56100.0,train,56400.0,
412,2020.08.26,17651593.0,56400.0,56500.0,55700.0,train,56400.0,
413,2020.08.27,16196568.0,55600.0,56300.0,55600.0,train,55600.0,
414,2020.08.28,14619888.0,55400.0,56300.0,55400.0,train,55400.0,
415,2020.08.31,32671367.0,54000.0,56100.0,54000.0,train,54000.0,
416,2020.09.01,19363117.0,54200.0,54800.0,54100.0,train,54200.0,
417,2020.09.02,16905723.0,54400.0,55100.0,54100.0,train,54400.0,
418,2020.09.03,28384920.0,56400.0,56700.0,55500.0,train,56400.0,
419,2020.09.04,22139109.0,55600.0,55800.0,55100.0,train,55600.0,
420,2020.09.07,18685880.0,56500.0,57300.0,55800.0,train,56500.0,
421,2020.09.08,31517520.0,58700.0,58700.0,57200.0,train,58700.0,
422,2020.09.09,30597399.0,58400.0,59300.0,57800.0,train,58400.0,
423,2020.09.10,29923293.0,59200.0,60000.0,59100.0,train,59200.0,
424,2020.09.11,16017098.0,59000.0,59400.0,58200.0,train,59000.0,
425,2020.09.14,20648281.0,60400.0,60800.0,59900.0,train,60400.0,
426,2020.09.15,17877075.0,61000.0,61000.0,60500.0,train,61000.0,
427,2020.09.16,17041444.0,61000.0,61300.0,60600.0,train,61000.0,
428,2020.09.17,25108356.0,59500.0,60800.0,59300.0,train,59500.0,
429,2020.09.18,18884571.0,59300.0,59900.0,59100.0,train,59300.0,
430,2020.09.21,15140387.0,59200.0,60000.0,59000.0,train,59200.0,
431,2020.09.22,20830381.0,58200.0,59700.0,57800.0,train,58200.0,
432,2020.09.23,20111398.0,58600.0,58800.0,57400.0,train,58600.0,
433,2020.09.24,17564020.0,57800.0,58600.0,57600.0,train,57800.0,
434,2020.09.25,11444683.0,57900.0,58200.0,57700.0,train,57900.0,
435,2020.09.28,12614080.0,58200.0,58800.0,57900.0,train,58200.0,
436,2020.09.29,15503563.0,58200.0,59000.0,58200.0,train,58200.0,
437,2020.10.05,20228289.0,58700.0,59200.0,57500.0,train,58700.0,
438,2020.10.06,14463826.0,59000.0,59900.0,58700.0,train,59000.0,
439,2020.10.07,14861838.0,59900.0,59900.0,58500.0,train,59900.0,
440,2020.10.08,24589924.0,59700.0,60700.0,59500.0,train,59700.0,
441,2020.10.12,16145837.0,60400.0,60400.0,59900.0,train,60400.0,
442,2020.10.13,19247631.0,60900.0,61400.0,60400.0,train,60900.0,
443,2020.10.14,16086716.0,60900.0,61100.0,60500.0,train,60900.0,
444,2020.10.15,17756232.0,60000.0,60800.0,59700.0,train,60000.0,
445,2020.10.16,16554190.0,59500.0,60400.0,59000.0,train,59500.0,
446,2020.10.19,14474985.0,60000.0,60200.0,59500.0,train,60000.0,
447,2020.10.20,19326115.0,60900.0,60900.0,60100.0,train,60900.0,
448,2020.10.21,15703443.0,60900.0,61500.0,60600.0,train,60900.0,
449,2020.10.22,14294095.0,60100.0,60500.0,59800.0,train,60100.0,
450,2020.10.23,9322232.0,60200.0,60400.0,59800.0,train,60200.0,
451,2020.10.26,13268226.0,60400.0,61100.0,60100.0,train,60400.0,
452,2020.10.27,17260416.0,59800.0,60300.0,59500.0,train,59800.0,
453,2020.10.28,14428882.0,59000.0,59400.0,58800.0,train,59000.0,
454,2020.10.29,22636966.0,58100.0,58500.0,57500.0,train,58100.0,
455,2020.10.30,26907844.0,56600.0,58000.0,56600.0,train,56600.0,
456,2020.11.02,20489076.0,57400.0,57500.0,56000.0,train,57400.0,
457,2020.11.03,14950919.0,58800.0,58900.0,57600.0,train,58800.0,
458,2020.11.04,21718561.0,58500.0,59000.0,57800.0,train,58500.0,
459,2020.11.05,20639475.0,60300.0,60300.0,58800.0,train,60300.0,
460,2020.11.06,16910230.0,60100.0,60800.0,59600.0,train,60100.0,
461,2020.11.09,15892961.0,60200.0,60900.0,60100.0,train,60200.0,
462,2020.11.10,19073552.0,60200.0,60500.0,59500.0,train,60200.0,
463,2020.11.11,25628510.0,61300.0,61400.0,60400.0,train,61300.0,
464,2020.11.12,19800573.0,61000.0,61400.0,60700.0,train,61000.0,
465,2020.11.13,31508829.0,63200.0,63200.0,61000.0,train,63200.0,
466,2020.11.16,36354334.0,66300.0,66700.0,63900.0,train,66300.0,
467,2020.11.17,30204089.0,65700.0,67000.0,65600.0,train,65700.0,
468,2020.11.18,22963790.0,64800.0,66200.0,64700.0,train,64800.0,
469,2020.11.19,16590290.0,64600.0,64800.0,63900.0,train,64600.0,
470,2020.11.20,15068682.0,64700.0,65200.0,63900.0,train,64700.0,
471,2020.11.23,27134398.0,67500.0,67800.0,64700.0,train,67500.0,
472,2020.11.24,32158235.0,67700.0,69500.0,67000.0,train,67700.0,
473,2020.11.25,32447065.0,66600.0,68300.0,66500.0,train,66600.0,
474,2020.11.26,19023323.0,68000.0,68000.0,66000.0,train,68000.0,
475,2020.11.27,14063434.0,68200.0,68400.0,67600.0,train,68200.0,
476,2020.11.30,43811016.0,66700.0,68600.0,66700.0,train,66700.0,
477,2020.12.01,22327173.0,67800.0,68300.0,67100.0,train,67800.0,
478,2020.12.02,29703942.0,69500.0,69900.0,68300.0,train,69500.0,
479,2020.12.03,23677989.0,69700.0,70500.0,69300.0,train,69700.0,
480,2020.12.04,28130533.0,71500.0,72100.0,70100.0,train,71500.0,
481,2020.12.07,28490496.0,72900.0,73500.0,71900.0,train,72900.0,
482,2020.12.08,25000338.0,71700.0,72900.0,71600.0,train,71700.0,
483,2020.12.09,24077996.0,73900.0,73900.0,72000.0,train,73900.0,
484,2020.12.10,39882928.0,72900.0,73800.0,72500.0,train,72900.0,
485,2020.12.11,18486672.0,73400.0,73800.0,73100.0,train,73400.0,
486,2020.12.14,21510415.0,73800.0,74500.0,73200.0,train,73800.0,
487,2020.12.15,20863671.0,73800.0,74100.0,73300.0,train,73800.0,
488,2020.12.16,17512081.0,73800.0,74500.0,73400.0,train,73800.0,
489,2020.12.17,24293214.0,73300.0,73700.0,72600.0,train,73300.0,
490,2020.12.18,17613029.0,73000.0,73700.0,73000.0,train,73000.0,
491,2020.12.21,20367355.0,73000.0,73400.0,72000.0,train,73000.0,
492,2020.12.22,16304910.0,72300.0,73200.0,72100.0,train,72300.0,
493,2020.12.23,19411326.0,73900.0,74000.0,72300.0,train,73900.0,
494,2020.12.24,32502870.0,77800.0,78800.0,74000.0,train,77800.0,
495,2020.12.28,40085044.0,78700.0,80100.0,78200.0,train,78700.0,
496,2020.12.29,30339449.0,78300.0,78900.0,77300.0,train,78300.0,
497,2020.12.30,29417421.0,81000.0,81300.0,77300.0,train,81000.0,
498,2021.01.04,38655276.0,83000.0,84400.0,80200.0,train,83000.0,
499,2021.01.05,35335669.0,83900.0,83900.0,81600.0,train,83900.0,
500,2021.01.06,42089013.0,82200.0,84500.0,82100.0,train,82200.0,
501,2021.01.07,32644642.0,82900.0,84200.0,82700.0,train,82900.0,
502,2021.01.08,59013307.0,88800.0,90000.0,83000.0,train,88800.0,
503,2021.01.11,90306177.0,91000.0,96800.0,89500.0,train,91000.0,
504,2021.01.12,48682416.0,90600.0,91400.0,87800.0,train,90600.0,
505,2021.01.13,36068848.0,89700.0,91200.0,89100.0,train,89700.0,
506,2021.01.14,26393970.0,89700.0,90000.0,88700.0,train,89700.0,
507,2021.01.15,33431809.0,88000.0,91800.0,88000.0,train,88000.0,
508,2021.01.18,43227951.0,85000.0,87300.0,84100.0,train,85000.0,
509,2021.01.19,39895044.0,87000.0,88000.0,83600.0,train,87000.0,
510,2021.01.20,25211127.0,87200.0,89000.0,86500.0,train,87200.0,
511,2021.01.21,25318011.0,88100.0,88600.0,86500.0,train,88100.0,
512,2021.01.22,30861661.0,86800.0,89700.0,86800.0,train,86800.0,
513,2021.01.25,27258534.0,89400.0,89900.0,86300.0,train,89400.0,
514,2021.01.26,33178936.0,86700.0,89200.0,86500.0,train,86700.0,
515,2021.01.27,26423070.0,85600.0,87700.0,85600.0,train,85600.0,
516,2021.01.28,31859808.0,83700.0,85600.0,83200.0,train,83700.0,
517,2021.01.29,39615978.0,82000.0,85000.0,82000.0,train,82000.0,
518,2021.02.01,28046832.0,83000.0,83400.0,81000.0,train,83000.0,
519,2021.02.02,26302077.0,84400.0,86400.0,83700.0,train,84400.0,
520,2021.02.03,22112205.0,84600.0,85400.0,83400.0,train,84600.0,
521,2021.02.04,24171688.0,82500.0,83800.0,82100.0,train,82500.0,
522,2021.02.05,18036835.0,83500.0,84000.0,82500.0,train,83500.0,
523,2021.02.08,15338765.0,83000.0,84200.0,83000.0,train,83000.0,
524,2021.02.09,20898332.0,82700.0,84800.0,82700.0,train,82700.0,
525,2021.02.10,23025766.0,81600.0,82600.0,81600.0,train,81600.0,
526,2021.02.15,23529706.0,84200.0,84500.0,83300.0,train,84200.0,
527,2021.02.16,20483100.0,84900.0,86000.0,84200.0,train,84900.0,
528,2021.02.17,18307735.0,83200.0,84200.0,83000.0,train,83200.0,
529,2021.02.18,21327683.0,82100.0,83600.0,82100.0,train,82100.0,
530,2021.02.19,25880879.0,82600.0,82800.0,81000.0,train,82600.0,
531,2021.02.22,25419886.0,82200.0,84200.0,82200.0,train,82200.0,
532,2021.02.23,20587314.0,82000.0,82900.0,81100.0,train,82000.0,
533,2021.02.24,26807651.0,82000.0,83600.0,81300.0,train,82000.0,
534,2021.02.25,34155986.0,85300.0,85400.0,83000.0,train,85300.0,
535,2021.02.26,38520800.0,82500.0,83400.0,82000.0,train,82500.0,
536,2021.03.02,33498180.0,83600.0,85300.0,83000.0,train,83600.0,
537,2021.03.03,19882132.0,84000.0,84000.0,82800.0,train,84000.0,
538,2021.03.04,24348331.0,82400.0,83200.0,82200.0,train,82400.0,
539,2021.03.05,20508971.0,82100.0,82600.0,81100.0,train,82100.0,
540,2021.03.08,17641256.0,82000.0,83000.0,81600.0,train,82000.0,
541,2021.03.09,25420764.0,81400.0,81900.0,80600.0,train,81400.0,
542,2021.03.10,20038422.0,80900.0,82500.0,80700.0,train,80900.0,
543,2021.03.11,23818297.0,82000.0,82500.0,81000.0,train,82000.0,
544,2021.03.12,13530573.0,82800.0,83500.0,82400.0,train,82800.0,
545,2021.03.15,13735798.0,81800.0,82900.0,81800.0,train,81800.0,
546,2021.03.16,12293537.0,82800.0,83000.0,82100.0,train,82800.0,
547,2021.03.17,11625146.0,82300.0,82900.0,82000.0,train,82300.0,
548,2021.03.18,18585244.0,82900.0,83800.0,82600.0,train,82900.0,
549,2021.03.19,15869700.0,81900.0,82500.0,81800.0,train,81900.0,
550,2021.03.22,12670506.0,82000.0,82300.0,81700.0,train,82000.0,
551,2021.03.23,13299907.0,81800.0,82900.0,81800.0,train,81800.0,
552,2021.03.24,17926638.0,81000.0,81600.0,80700.0,train,81000.0,
553,2021.03.25,14758826.0,81200.0,82100.0,80800.0,train,81200.0,
554,2021.03.26,12845778.0,81500.0,81600.0,81000.0,train,81500.0,
555,2021.03.29,14952134.0,81600.0,81700.0,81000.0,train,81600.0,
556,2021.03.30,13121698.0,82200.0,82300.0,81300.0,train,82200.0,
557,2021.03.31,17240518.0,81400.0,82700.0,81400.0,train,81400.0,
558,2021.04.01,18676461.0,82900.0,83000.0,82000.0,train,82900.0,
559,2021.04.02,22997538.0,84800.0,85200.0,83900.0,train,84800.0,
560,2021.04.05,16255990.0,85400.0,86000.0,84800.0,train,85400.0,
561,2021.04.06,19042023.0,86000.0,86200.0,85100.0,train,86000.0,
562,2021.04.07,17885538.0,85600.0,86200.0,85400.0,train,85600.0,
563,2021.04.08,19244259.0,84700.0,85700.0,84100.0,train,84700.0,
564,2021.04.09,18193707.0,83600.0,84900.0,83400.0,train,83600.0,
565,2021.04.12,12915282.0,83200.0,84100.0,83100.0,train,83200.0,
566,2021.04.13,15238206.0,84000.0,84500.0,82800.0,train,84000.0,
567,2021.04.14,13794652.0,84000.0,84300.0,83400.0,train,84000.0,
568,2021.04.15,16377412.0,84100.0,84500.0,83400.0,train,84100.0,
569,2021.04.16,15429522.0,83900.0,84700.0,83600.0,train,83900.0,
570,2021.04.19,15287311.0,83300.0,84000.0,83300.0,train,83300.0,
571,2021.04.20,15521965.0,83900.0,84000.0,83100.0,train,83900.0,
572,2021.04.21,21636079.0,82600.0,83500.0,82500.0,train,82600.0,
573,2021.04.22,13934746.0,82400.0,83000.0,82400.0,train,82400.0,
574,2021.04.23,17805080.0,82800.0,82900.0,81600.0,train,82800.0,
575,2021.04.26,15489938.0,83500.0,83500.0,82600.0,train,83500.0,
576,2021.04.27,12941533.0,82900.0,83300.0,82500.0,train,82900.0,
577,2021.04.28,15596759.0,82100.0,83200.0,82100.0,train,82100.0,
578,2021.04.29,20000973.0,81700.0,82500.0,81500.0,train,81700.0,
579,2021.04.30,18673197.0,81500.0,82100.0,81500.0,train,81500.0,
580,2021.05.03,15710336.0,81700.0,82400.0,81000.0,train,81700.0,
581,2021.05.04,12532550.0,82600.0,82600.0,81800.0,train,82600.0,
582,2021.05.06,17047511.0,82300.0,82300.0,81700.0,train,82300.0,
583,2021.05.07,14154882.0,81900.0,82100.0,81500.0,train,81900.0,
584,2021.05.10,19385027.0,83200.0,83500.0,81800.0,train,83200.0,
585,2021.05.11,28996680.0,81200.0,82600.0,81100.0,train,81200.0,
586,2021.05.12,35812268.0,80000.0,81200.0,79800.0,train,80000.0,
587,2021.05.13,31490096.0,78500.0,79600.0,78400.0,train,78500.0,
588,2021.05.14,16450920.0,80100.0,80300.0,78900.0,train,80100.0,
589,2021.05.17,17740855.0,79600.0,80900.0,79200.0,train,79600.0,
590,2021.05.18,17494407.0,79600.0,80000.0,79100.0,train,79600.0,
591,2021.05.20,16541828.0,79500.0,79700.0,79100.0,train,79500.0,
592,2021.05.21,20961714.0,80100.0,81500.0,79800.0,train,80100.0,
593,2021.05.24,13398666.0,79700.0,80400.0,79500.0,train,79700.0,
594,2021.05.25,13628942.0,79900.0,80400.0,79800.0,train,79900.0,
595,2021.05.26,11984359.0,79800.0,80500.0,79700.0,train,79800.0,
596,2021.05.27,23198510.0,79600.0,80000.0,79100.0,train,79600.0,
597,2021.05.28,12360199.0,80100.0,80400.0,79400.0,train,80100.0,
598,2021.05.31,13321324.0,80500.0,80600.0,79600.0,train,80500.0,
599,2021.06.01,14058401.0,80600.0,81300.0,80100.0,train,80600.0,
600,2021.06.02,16414644.0,80800.0,81400.0,80300.0,train,80800.0,
601,2021.06.03,29546007.0,82800.0,83000.0,81100.0,train,82800.0,
602,2021.06.04,18112259.0,82200.0,82700.0,81500.0,train,82200.0,
603,2021.06.07,16496197.0,81900.0,82800.0,81600.0,train,81900.0,
604,2021.06.08,12781226.0,81900.0,82600.0,81800.0,train,81900.0,
605,2021.06.09,14908823.0,81100.0,82000.0,81100.0,train,81100.0,
606,2021.06.10,17586995.0,81000.0,81400.0,80900.0,train,81000.0,
607,2021.06.11,14087962.0,81000.0,81700.0,80700.0,train,81000.0,
608,2021.06.14,10550078.0,80500.0,80900.0,80500.0,train,80500.0,
609,2021.06.15,10075685.0,80900.0,81200.0,80600.0,train,80900.0,
610,2021.06.16,14999855.0,81800.0,81900.0,81100.0,train,81800.0,
611,2021.06.17,14007385.0,80900.0,81300.0,80700.0,train,80900.0,
612,2021.06.18,14916721.0,80500.0,81100.0,80500.0,train,80500.0,
613,2021.06.21,16063340.0,79900.0,80000.0,79600.0,train,79900.0,
614,2021.06.22,11773365.0,80000.0,80300.0,79900.0,train,80000.0,
615,2021.06.23,13856548.0,80100.0,80600.0,79900.0,train,80100.0,
616,2021.06.24,18771080.0,81200.0,81400.0,80100.0,train,81200.0,
617,2021.06.25,13481405.0,81600.0,81900.0,81200.0,train,81600.0,
618,2021.06.28,11578529.0,81900.0,82000.0,81600.0,train,81900.0,
619,2021.06.29,15744317.0,81000.0,82100.0,80800.0,train,81000.0,
620,2021.06.30,13288643.0,80700.0,81400.0,80700.0,train,80700.0,
621,2021.07.01,13382882.0,80100.0,80600.0,80000.0,train,80100.0,
622,2021.07.02,8753097.0,80000.0,80400.0,79900.0,train,80000.0,
623,2021.07.05,8330969.0,80400.0,80800.0,80000.0,train,80400.0,
624,2021.07.06,12131651.0,81200.0,81200.0,80500.0,train,81200.0,
625,2021.07.07,15992202.0,80800.0,81300.0,80300.0,train,80800.0,
626,2021.07.08,16660998.0,79900.0,81200.0,79900.0,train,79900.0,
627,2021.07.09,22720577.0,79400.0,79800.0,79000.0,train,79400.0,
628,2021.07.12,9768108.0,79700.0,80000.0,79500.0,train,79700.0,
629,2021.07.13,9863450.0,79800.0,80200.0,79800.0,train,79800.0,
630,2021.07.14,11575636.0,79500.0,79600.0,79100.0,train,79500.0,
631,2021.07.15,13766279.0,80600.0,80600.0,79500.0,train,80600.0,
632,2021.07.16,10859399.0,79800.0,80100.0,79500.0,train,79800.0,
633,2021.07.19,13155414.0,79000.0,79200.0,78800.0,train,79000.0,
634,2021.07.20,12456646.0,79000.0,79000.0,78400.0,train,79000.0,
635,2021.07.21,12355296.0,78500.0,79100.0,78500.0,train,78500.0,
636,2021.07.22,12618790.0,79700.0,79800.0,78900.0,train,79700.0,
637,2021.07.23,9098910.0,79300.0,79900.0,79200.0,train,79300.0,
638,2021.07.26,10040975.0,78800.0,79500.0,78800.0,train,78800.0,
639,2021.07.27,11427693.0,78500.0,79400.0,78500.0,train,78500.0,
640,2021.07.28,12743417.0,79200.0,79200.0,78100.0,train,79200.0,
641,2021.07.29,14360453.0,79000.0,79400.0,78800.0,train,79000.0,
642,2021.07.30,13823411.0,78500.0,78900.0,78500.0,train,78500.0,
643,2021.08.02,11739124.0,79300.0,79500.0,78700.0,train,79300.0,
644,2021.08.03,24339360.0,81400.0,81400.0,79300.0,train,81400.0,
645,2021.08.04,25642368.0,82900.0,83100.0,81800.0,train,82900.0,
646,2021.08.05,18485469.0,82100.0,83300.0,82000.0,train,82100.0,
647,2021.08.06,13342623.0,81500.0,82500.0,81300.0,train,81500.0,
648,2021.08.09,15522581.0,81500.0,82300.0,80900.0,train,81500.0,
649,2021.08.10,20362639.0,80200.0,82400.0,80100.0,train,80200.0,
650,2021.08.11,30241137.0,78500.0,79800.0,78500.0,train,78500.0,
651,2021.08.12,42365223.0,77000.0,78200.0,76900.0,train,77000.0,
652,2021.08.13,61270643.0,74400.0,76000.0,74100.0,train,74400.0,
653,2021.08.17,30944847.0,74200.0,75100.0,74000.0,train,74200.0,
654,2021.08.18,29192631.0,73900.0,74600.0,73100.0,test,73900.0,73754.2
655,2021.08.19,22166298.0,73100.0,74400.0,73100.0,train,73100.0,
656,2021.08.20,22364803.0,72700.0,73900.0,72500.0,train,72700.0,
657,2021.08.23,19384648.0,73300.0,74000.0,73000.0,train,73300.0,
658,2021.08.24,21016913.0,75600.0,75700.0,73900.0,train,75600.0,
659,2021.08.25,22319664.0,75700.0,76600.0,74900.0,train,75700.0,
660,2021.08.26,16671494.0,74600.0,76200.0,74600.0,train,74600.0,
661,2021.08.27,15172748.0,74300.0,75000.0,73800.0,train,74300.0,
662,2021.08.30,12686999.0,74600.0,75500.0,74200.0,train,74600.0,
663,2021.08.31,24630370.0,76700.0,76700.0,74300.0,train,76700.0,
664,2021.09.01,16114775.0,76800.0,77100.0,75900.0,train,76800.0,
665,2021.09.02,15347486.0,76000.0,76800.0,75700.0,train,76000.0,
666,2021.09.03,12096419.0,76600.0,76700.0,76000.0,train,76600.0,
667,2021.09.06,12861180.0,77300.0,77600.0,76600.0,train,77300.0,
668,2021.09.07,13239401.0,76100.0,77100.0,75900.0,train,76100.0,
669,2021.09.08,11798147.0,76300.0,76400.0,75600.0,train,76300.0,
670,2021.09.09,17600770.0,75300.0,76600.0,75000.0,train,75300.0,
671,2021.09.10,10103212.0,75300.0,75600.0,74800.0,train,75300.0,
672,2021.09.13,11397775.0,76300.0,76300.0,75100.0,train,76300.0,
673,2021.09.14,18167057.0,76600.0,77700.0,76600.0,train,76600.0,
674,2021.09.15,12829128.0,77000.0,77400.0,76400.0,train,77000.0,
675,2021.09.16,13067622.0,76100.0,77400.0,76100.0,train,76100.0,
676,2021.09.17,16289502.0,77200.0,77200.0,75900.0,train,77200.0,
677,2021.09.23,17055590.0,77400.0,77600.0,76800.0,train,77400.0,
678,2021.09.24,12247274.0,77300.0,77700.0,77100.0,train,77300.0,
679,2021.09.27,11699798.0,77700.0,77700.0,77000.0,train,77700.0,
680,2021.09.28,15406382.0,76300.0,77800.0,76200.0,train,76300.0,
681,2021.09.29,23992458.0,74100.0,75300.0,73800.0,train,74100.0,
682,2021.09.30,19919361.0,74100.0,74800.0,73700.0,train,74100.0,
683,2021.10.01,15803395.0,73200.0,74000.0,72900.0,train,73200.0,
684,2021.10.05,24013921.0,72200.0,73000.0,71400.0,train,72200.0,
685,2021.10.06,18956962.0,71300.0,72800.0,71200.0,train,71300.0,
686,2021.10.07,13683532.0,71600.0,72100.0,71300.0,train,71600.0,
687,2021.10.08,14043287.0,71500.0,72400.0,71500.0,train,71500.0,
688,2021.10.12,31001484.0,69000.0,70900.0,68700.0,train,69000.0,
689,2021.10.13,24172015.0,68800.0,69600.0,68300.0,train,68800.0,
690,2021.10.14,19520641.0,69400.0,69800.0,68800.0,train,69400.0,
691,2021.10.15,18051612.0,70100.0,71000.0,70000.0,train,70100.0,
692,2021.10.18,13486391.0,70200.0,70300.0,69200.0,train,70200.0,
693,2021.10.19,9507991.0,70600.0,71000.0,70400.0,train,70600.0,
694,2021.10.20,10151638.0,70300.0,71000.0,70200.0,train,70300.0,
695,2021.10.21,10891094.0,70200.0,70600.0,70000.0,train,70200.0,
696,2021.10.22,8395448.0,70400.0,70700.0,70000.0,train,70400.0,
697,2021.10.25,10029621.0,70200.0,70600.0,69500.0,train,70200.0,
698,2021.10.26,10528252.0,71100.0,71500.0,70400.0,train,71100.0,
699,2021.10.27,10295316.0,70100.0,71000.0,70000.0,train,70100.0,
700,2021.10.28,20644902.0,70700.0,72200.0,69500.0,train,70700.0,
701,2021.10.29,17016151.0,69800.0,71600.0,69700.0,train,69800.0,
702,2021.11.01,11503729.0,69900.0,70600.0,69900.0,train,69900.0,
703,2021.11.02,16812570.0,71500.0,72200.0,70700.0,train,71500.0,
704,2021.11.03,12770428.0,70400.0,71700.0,70100.0,train,70400.0,
705,2021.11.04,11818987.0,70600.0,71600.0,70500.0,train,70600.0,
706,2021.11.05,12667743.0,70200.0,71600.0,70200.0,train,70200.0,
707,2021.11.08,11121981.0,70600.0,70600.0,69800.0,train,70600.0,
708,2021.11.09,11159589.0,70500.0,71000.0,70100.0,train,70500.0,
709,2021.11.10,9422009.0,70200.0,70900.0,70200.0,train,70200.0,
710,2021.11.11,11489122.0,69900.0,70000.0,69600.0,train,69900.0,
711,2021.11.12,10087450.0,70600.0,70900.0,69900.0,train,70600.0,
712,2021.11.15,12420710.0,71400.0,71900.0,70900.0,train,71400.0,
713,2021.11.16,10919239.0,71300.0,72000.0,71300.0,train,71300.0,
714,2021.11.17,11027606.0,70700.0,71600.0,70600.0,train,70700.0,
715,2021.11.18,10144957.0,70200.0,71000.0,70200.0,train,70200.0,
716,2021.11.19,11954728.0,71200.0,71400.0,70100.0,train,71200.0,
717,2021.11.22,27506623.0,74900.0,75200.0,73000.0,train,74900.0,
718,2021.11.23,22029195.0,75300.0,76000.0,74500.0,train,75300.0,
719,2021.11.24,15652305.0,74800.0,76200.0,74100.0,train,74800.0,
720,2021.11.25,12559258.0,73700.0,75100.0,73600.0,train,73700.0,
721,2021.11.26,13002242.0,72300.0,74100.0,72000.0,train,72300.0,
722,2021.11.29,16682559.0,72300.0,73000.0,71400.0,train,72300.0,
723,2021.11.30,30364841.0,71300.0,73900.0,70500.0,train,71300.0,
724,2021.12.01,21954856.0,74400.0,74800.0,71600.0,train,74400.0,
725,2021.12.02,23652940.0,75800.0,75800.0,73800.0,train,75800.0,
726,2021.12.03,18330240.0,75600.0,76000.0,74100.0,train,75600.0,
727,2021.12.06,16391250.0,76300.0,76700.0,74900.0,train,76300.0,
728,2021.12.07,19232453.0,77400.0,77700.0,75600.0,train,77400.0,
729,2021.12.08,21558340.0,77400.0,78600.0,77100.0,train,77400.0,
730,2021.12.09,21604528.0,78200.0,78200.0,77000.0,train,78200.0,
731,2021.12.10,9155219.0,76900.0,77600.0,76800.0,train,76900.0,
732,2021.12.13,15038750.0,76800.0,78300.0,76500.0,train,76800.0,
733,2021.12.14,10976660.0,77000.0,77200.0,76200.0,train,77000.0,
734,2021.12.15,9584939.0,77600.0,77600.0,76300.0,train,77600.0,
735,2021.12.16,11996128.0,77800.0,78500.0,77400.0,train,77800.0,
736,2021.12.17,13108479.0,78000.0,78000.0,76800.0,train,78000.0,
737,2021.12.20,11264375.0,77100.0,77800.0,76800.0,train,77100.0,
738,2021.12.21,14245298.0,78100.0,78300.0,77500.0,train,78100.0,
739,2021.12.22,17105892.0,79400.0,79400.0,78800.0,train,79400.0,
740,2021.12.23,13577498.0,79900.0,80000.0,79300.0,train,79900.0,
741,2021.12.24,12086380.0,80500.0,80800.0,80200.0,train,80500.0,
742,2021.12.27,10783368.0,80200.0,80600.0,79800.0,train,80200.0,
743,2021.12.28,18226325.0,80300.0,80400.0,79700.0,train,80300.0,
744,2021.12.29,19794795.0,78800.0,80200.0,78500.0,train,78800.0,
745,2021.12.30,14236700.0,78300.0,79500.0,78100.0,train,78300.0,
746,2022.01.03,13502112.0,78600.0,79800.0,78200.0,train,78600.0,
747,2022.01.04,12427416.0,78700.0,79200.0,78300.0,train,78700.0,
748,2022.01.05,25470640.0,77400.0,79000.0,76400.0,train,77400.0,
749,2022.01.06,12931954.0,76900.0,77600.0,76600.0,train,76900.0,
750,2022.01.07,15163757.0,78300.0,78400.0,77400.0,train,78300.0,
751,2022.01.10,9947422.0,78000.0,78100.0,77100.0,train,78000.0,
752,2022.01.11,13221123.0,78900.0,79000.0,78000.0,train,78900.0,
753,2022.01.12,11000502.0,78900.0,79600.0,78600.0,train,78900.0,
754,2022.01.13,13889401.0,77900.0,79300.0,77900.0,test,77900.0,78283.15
755,2022.01.14,10096725.0,77300.0,78100.0,77100.0,train,77300.0,
756,2022.01.17,8785122.0,77500.0,77800.0,76900.0,train,77500.0,
757,2022.01.18,9592788.0,77000.0,77800.0,76600.0,train,77000.0,
758,2022.01.19,10598290.0,76300.0,76900.0,76100.0,train,76300.0,
759,2022.01.20,9708168.0,76500.0,76700.0,75900.0,test,76500.0,76104.01
760,2022.01.21,15774888.0,75600.0,75800.0,74700.0,train,75600.0,
761,2022.01.24,13691134.0,75100.0,75800.0,74700.0,train,75100.0,
762,2022.01.25,17766704.0,74000.0,75000.0,73200.0,train,74000.0,
763,2022.01.26,12976730.0,73300.0,74400.0,73100.0,train,73300.0,
764,2022.01.27,22274777.0,71300.0,74000.0,71300.0,train,71300.0,
765,2022.01.28,21367447.0,73300.0,73700.0,71200.0,train,73300.0,
766,2022.02.03,17744721.0,73300.0,74900.0,73300.0,train,73300.0,
767,2022.02.04,12730034.0,74000.0,74600.0,73400.0,train,74000.0,
768,2022.02.07,14240838.0,73000.0,73600.0,72400.0,train,73000.0,
769,2022.02.08,11736666.0,73500.0,74200.0,73000.0,train,73500.0,
770,2022.02.09,9699122.0,74700.0,74700.0,74000.0,train,74700.0,
771,2022.02.10,17746033.0,75400.0,75800.0,74700.0,train,75400.0,
772,2022.02.11,12205407.0,74900.0,75500.0,74600.0,train,74900.0,
773,2022.02.14,13993255.0,73700.0,74500.0,73100.0,train,73700.0,
774,2022.02.15,9320365.0,73700.0,74200.0,73100.0,train,73700.0,
775,2022.02.16,10767386.0,74800.0,74900.0,74200.0,train,74800.0,
776,2022.02.17,13605382.0,75000.0,75600.0,74500.0,train,75000.0,
777,2022.02.18,10122226.0,74300.0,74800.0,73700.0,train,74300.0,
778,2022.02.21,10489717.0,74200.0,74300.0,72600.0,train,74200.0,
779,2022.02.22,11692469.0,73400.0,73400.0,72800.0,train,73400.0,
780,2022.02.23,10397964.0,73000.0,73800.0,72800.0,train,73000.0,
781,2022.02.24,15759283.0,71500.0,72300.0,71300.0,train,71500.0,
782,2022.02.25,13168484.0,71900.0,72600.0,71900.0,train,71900.0,
783,2022.02.28,17781783.0,72100.0,72100.0,71000.0,train,72100.0,
784,2022.03.02,12481430.0,71700.0,72400.0,71500.0,train,71700.0,
785,2022.03.03,13232638.0,72900.0,73100.0,72200.0,train,72900.0,
786,2022.03.04,13409634.0,71500.0,72700.0,71200.0,train,71500.0,
787,2022.03.07,18617138.0,70100.0,70600.0,69900.0,train,70100.0,
788,2022.03.08,15828269.0,69500.0,70000.0,68700.0,train,69500.0,
789,2022.03.10,21159248.0,71200.0,71200.0,70500.0,train,71200.0,
790,2022.03.11,15787655.0,70000.0,70700.0,69700.0,train,70000.0,
791,2022.03.14,9040993.0,70200.0,70200.0,69600.0,train,70200.0,
792,2022.03.15,10258562.0,69500.0,70100.0,69500.0,train,69500.0,
793,2022.03.16,10175750.0,70400.0,70500.0,69700.0,train,70400.0,
794,2022.03.17,17646315.0,71200.0,71800.0,70900.0,train,71200.0,
795,2022.03.18,14410038.0,70700.0,70900.0,70200.0,train,70700.0,
796,2022.03.21,11169002.0,69900.0,71000.0,69900.0,train,69900.0,
797,2022.03.22,9402666.0,70300.0,70500.0,69900.0,train,70300.0,
798,2022.03.23,12398025.0,70500.0,71200.0,70300.0,train,70500.0,
799,2022.03.24,37943357.0,69800.0,70300.0,69600.0,train,69800.0,
800,2022.03.25,12986010.0,69800.0,70200.0,69600.0,train,69800.0,
801,2022.03.28,12619289.0,69700.0,69900.0,69200.0,train,69700.0,
802,2022.03.29,13686208.0,70200.0,70300.0,69800.0,train,70200.0,
803,2022.03.30,12670187.0,69900.0,70500.0,69800.0,train,69900.0,
804,2022.03.31,12510366.0,69600.0,70200.0,69600.0,train,69600.0,
805,2022.04.01,15916846.0,69100.0,69500.0,69000.0,train,69100.0,
806,2022.04.04,11107905.0,69300.0,69300.0,68600.0,train,69300.0,
807,2022.04.05,8467248.0,69200.0,69600.0,69100.0,train,69200.0,
808,2022.04.06,15517308.0,68500.0,68800.0,68500.0,train,68500.0,
809,2022.04.07,20683327.0,68000.0,68500.0,68000.0,train,68000.0,
810,2022.04.08,15453191.0,67800.0,68300.0,67700.0,train,67800.0,
811,2022.04.11,12263735.0,67900.0,68100.0,67400.0,train,67900.0,
812,2022.04.12,13924389.0,67000.0,67700.0,67000.0,train,67000.0,
813,2022.04.13,17378619.0,68700.0,69000.0,67200.0,train,68700.0,
814,2022.04.14,16409494.0,67500.0,68700.0,67500.0,train,67500.0,
815,2022.04.15,13176415.0,66600.0,67300.0,66500.0,train,66600.0,
816,2022.04.18,10119203.0,66700.0,67100.0,66100.0,train,66700.0,
817,2022.04.19,12959434.0,67300.0,68000.0,67000.0,train,67300.0,
818,2022.04.20,16693293.0,67400.0,67400.0,66500.0,train,67400.0,
819,2022.04.21,12847448.0,67700.0,68300.0,67500.0,train,67700.0,
820,2022.04.22,11791478.0,67000.0,67300.0,66700.0,train,67000.0,
821,2022.04.25,11016474.0,66300.0,66700.0,66300.0,train,66300.0,
822,2022.04.26,12946923.0,66100.0,66700.0,66100.0,train,66100.0,
823,2022.04.27,18122084.0,65000.0,65500.0,64900.0,train,65000.0,
824,2022.04.28,16895527.0,64800.0,65500.0,64500.0,train,64800.0,
825,2022.04.29,26190390.0,67400.0,67600.0,65000.0,train,67400.0,
826,2022.05.02,14106184.0,67300.0,67600.0,66500.0,train,67300.0,
827,2022.05.03,14168875.0,67500.0,68400.0,67300.0,train,67500.0,
828,2022.05.04,11505248.0,67900.0,68400.0,67500.0,train,67900.0,
829,2022.05.06,14356156.0,66500.0,67100.0,66500.0,train,66500.0,
830,2022.05.09,11858736.0,66100.0,66900.0,66100.0,train,66100.0,
831,2022.05.10,17235605.0,65700.0,66300.0,65300.0,train,65700.0,
832,2022.05.11,12330920.0,65700.0,66300.0,65200.0,train,65700.0,
833,2022.05.12,16414188.0,64900.0,65500.0,64900.0,train,64900.0,
834,2022.05.13,14551536.0,66500.0,66700.0,65200.0,train,66500.0,
835,2022.05.16,11937555.0,66300.0,67400.0,66100.0,train,66300.0,
836,2022.05.17,15680447.0,67600.0,67900.0,66600.0,train,67600.0,
837,2022.05.18,16486319.0,68100.0,68700.0,67600.0,train,68100.0,
838,2022.05.19,17073727.0,67500.0,67600.0,66500.0,train,67500.0,
839,2022.05.20,12109671.0,68000.0,68400.0,67700.0,train,68000.0,
840,2022.05.23,13684088.0,67900.0,68800.0,67600.0,train,67900.0,
841,2022.05.24,15482576.0,66500.0,67700.0,66500.0,train,66500.0,
842,2022.05.25,15150490.0,66400.0,67100.0,65900.0,train,66400.0,
843,2022.05.26,15970890.0,65900.0,67200.0,65500.0,train,65900.0,
844,2022.05.27,11405555.0,66500.0,66900.0,66200.0,train,66500.0,
845,2022.05.30,14255484.0,67700.0,67800.0,66900.0,train,67700.0,
846,2022.05.31,24365002.0,67400.0,67500.0,66700.0,train,67400.0,
847,2022.06.02,14959443.0,66700.0,67000.0,66400.0,train,66700.0,
848,2022.06.03,8222883.0,66800.0,67300.0,66800.0,train,66800.0,
849,2022.06.07,19355755.0,65500.0,66400.0,65400.0,train,65500.0,
850,2022.06.08,12483180.0,65300.0,65700.0,65300.0,train,65300.0,
851,2022.06.09,25790725.0,65200.0,65200.0,64500.0,train,65200.0,
852,2022.06.10,22193552.0,63800.0,64400.0,63800.0,train,63800.0,
853,2022.06.13,22157816.0,62100.0,62800.0,62100.0,train,62100.0,
854,2022.06.14,24606419.0,61900.0,62200.0,61100.0,train,61900.0,
855,2022.06.15,26811224.0,60700.0,61500.0,60200.0,train,60700.0,
856,2022.06.16,23394895.0,60900.0,61800.0,60500.0,train,60900.0,
857,2022.06.17,29053450.0,59800.0,59900.0,59400.0,train,59800.0,
858,2022.06.20,34111306.0,58700.0,59900.0,58100.0,train,58700.0,
859,2022.06.21,25148109.0,58500.0,59200.0,58200.0,train,58500.0,
860,2022.06.22,23334687.0,57600.0,59100.0,57600.0,train,57600.0,
861,2022.06.23,28338608.0,57400.0,58000.0,56800.0,train,57400.0,
862,2022.06.24,23256103.0,58400.0,59100.0,57700.0,train,58400.0,
863,2022.06.27,18122236.0,58800.0,59900.0,58300.0,train,58800.0,
864,2022.06.28,13540538.0,59400.0,59500.0,58700.0,train,59400.0,
865,2022.06.29,14677138.0,58000.0,58800.0,58000.0,train,58000.0,
866,2022.06.30,18915142.0,57000.0,57600.0,57000.0,train,57000.0,
867,2022.07.01,24982097.0,56200.0,57500.0,55900.0,train,56200.0,
868,2022.07.04,17807126.0,57100.0,57400.0,55700.0,train,57100.0,
869,2022.07.05,14216539.0,57200.0,58200.0,57200.0,train,57200.0,
870,2022.07.06,16820461.0,56400.0,57300.0,56400.0,train,56400.0,
871,2022.07.07,21322833.0,58200.0,58700.0,56300.0,train,58200.0,
872,2022.07.08,15339271.0,58700.0,59300.0,58200.0,train,58700.0,
873,2022.07.11,13042624.0,58800.0,59600.0,58700.0,train,58800.0,
874,2022.07.12,9336061.0,58100.0,58700.0,58100.0,train,58100.0,
875,2022.07.13,10841315.0,58000.0,58600.0,58000.0,train,58000.0,
876,2022.07.14,15067012.0,57500.0,58200.0,57400.0,train,57500.0,
877,2022.07.15,18685583.0,60000.0,60000.0,58100.0,train,60000.0,
878,2022.07.18,20832517.0,61900.0,62000.0,60500.0,train,61900.0,
879,2022.07.19,15248261.0,60900.0,61500.0,60200.0,train,60900.0,
880,2022.07.20,16782238.0,60500.0,62100.0,60500.0,train,60500.0,
881,2022.07.21,12291374.0,61800.0,61900.0,60700.0,train,61800.0,
882,2022.07.22,10261310.0,61300.0,62200.0,61200.0,train,61300.0,
883,2022.07.25,9193681.0,61100.0,61900.0,60800.0,train,61100.0,
884,2022.07.26,6597211.0,61700.0,61900.0,60800.0,train,61700.0,
885,2022.07.27,7320997.0,61800.0,61900.0,61200.0,train,61800.0,
886,2022.07.28,10745302.0,61900.0,62600.0,61600.0,train,61900.0,
887,2022.07.29,15093120.0,61400.0,62600.0,61300.0,train,61400.0,
888,2022.08.01,13154816.0,61300.0,61700.0,60300.0,train,61300.0,
889,2022.08.02,13614895.0,61700.0,61900.0,61000.0,train,61700.0,
890,2022.08.03,10053861.0,61300.0,61600.0,61000.0,train,61300.0,
891,2022.08.04,9125439.0,61500.0,61800.0,61200.0,train,61500.0,
892,2022.08.05,9567620.0,61500.0,61900.0,61200.0,train,61500.0,
893,2022.08.08,11313150.0,60800.0,61400.0,60600.0,train,60800.0,
894,2022.08.09,18251170.0,60000.0,60700.0,59600.0,train,60000.0,
895,2022.08.10,18084349.0,59100.0,59200.0,58600.0,train,59100.0,
896,2022.08.11,15141941.0,59900.0,60000.0,59300.0,train,59900.0,
897,2022.08.12,10786658.0,60200.0,60700.0,59400.0,train,60200.0,
898,2022.08.16,15036727.0,61000.0,61600.0,60300.0,train,61000.0,
899,2022.08.17,9061518.0,60400.0,61200.0,60300.0,train,60400.0,
900,2022.08.18,16372754.0,61500.0,61900.0,60000.0,train,61500.0,
901,2022.08.19,6923679.0,60900.0,61600.0,60600.0,train,60900.0,
902,2022.08.22,8259865.0,60000.0,60400.0,59800.0,train,60000.0,
903,2022.08.23,9041629.0,59100.0,59600.0,59000.0,train,59100.0,
904,2022.08.24,8888486.0,59000.0,59500.0,59000.0,train,59000.0,
905,2022.08.25,5767902.0,59700.0,59700.0,59000.0,train,59700.0,
906,2022.08.26,9499995.0,60000.0,60900.0,59900.0,train,60000.0,
907,2022.08.29,9841329.0,58600.0,58900.0,58600.0,train,58600.0,
908,2022.08.30,9690044.0,58800.0,59000.0,58300.0,train,58800.0,
909,2022.08.31,14203512.0,59700.0,59900.0,58200.0,train,59700.0,
910,2022.09.01,14905777.0,58400.0,58900.0,58300.0,train,58400.0,
911,2022.09.02,15040310.0,57500.0,58600.0,57500.0,train,57500.0,
912,2022.09.05,11425977.0,57100.0,57800.0,56800.0,train,57100.0,
913,2022.09.06,7503086.0,57100.0,57600.0,56900.0,train,57100.0,
914,2022.09.07,17384854.0,56000.0,56700.0,55900.0,train,56000.0,
915,2022.09.08,18000016.0,55600.0,56400.0,55600.0,train,55600.0,
916,2022.09.13,17166581.0,58100.0,58500.0,56800.0,train,58100.0,
917,2022.09.14,12524961.0,56800.0,57200.0,56100.0,train,56800.0,
918,2022.09.15,11664819.0,56000.0,57100.0,56000.0,train,56000.0,
919,2022.09.16,13456503.0,56200.0,56400.0,55500.0,train,56200.0,
920,2022.09.19,12278653.0,56400.0,57000.0,56000.0,train,56400.0,
921,2022.09.20,14041465.0,55800.0,57000.0,55800.0,train,55800.0,
922,2022.09.21,11863700.0,55300.0,55500.0,55000.0,train,55300.0,
923,2022.09.22,12786510.0,54400.0,54700.0,54300.0,train,54400.0,
924,2022.09.23,10555964.0,54500.0,54900.0,54200.0,train,54500.0,
925,2022.09.26,15008449.0,53900.0,54200.0,53600.0,train,53900.0,
926,2022.09.27,16631289.0,54200.0,54200.0,53500.0,train,54200.0,
927,2022.09.28,19991129.0,52900.0,54400.0,52500.0,train,52900.0,
928,2022.09.29,13882080.0,52600.0,53700.0,52600.0,train,52600.0,
929,2022.09.30,22503249.0,53100.0,53600.0,51800.0,train,53100.0,
930,2022.10.04,19148435.0,55200.0,55400.0,54500.0,train,55200.0,
931,2022.10.05,22458970.0,56000.0,57200.0,55400.0,train,56000.0,
932,2022.10.06,14944446.0,56300.0,57300.0,56300.0,train,56300.0,
933,2022.10.07,16886813.0,56200.0,56900.0,55200.0,train,56200.0,
934,2022.10.11,21437877.0,55400.0,55700.0,54000.0,train,55400.0,
935,2022.10.12,18408910.0,55800.0,57000.0,55200.0,train,55800.0,
936,2022.10.13,13784602.0,55200.0,56100.0,55200.0,train,55200.0,
937,2022.10.14,12924326.0,56300.0,56500.0,55800.0,train,56300.0,
938,2022.10.17,13641878.0,56600.0,57000.0,55700.0,train,56600.0,
939,2022.10.18,14820702.0,56500.0,57100.0,55800.0,train,56500.0,
940,2022.10.19,12660652.0,55800.0,56900.0,55700.0,train,55800.0,
941,2022.10.20,17107653.0,55500.0,56000.0,55100.0,train,55500.0,
942,2022.10.21,11456060.0,55900.0,56300.0,55100.0,train,55900.0,
943,2022.10.24,16944503.0,57500.0,57500.0,56700.0,train,57500.0,
944,2022.10.25,17405678.0,57700.0,58600.0,57000.0,train,57700.0,
945,2022.10.26,20824967.0,59400.0,59600.0,57700.0,train,59400.0,
946,2022.10.27,21756712.0,59500.0,60100.0,58900.0,train,59500.0,
947,2022.10.28,20924937.0,57300.0,59200.0,57200.0,train,57300.0,
948,2022.10.31,18999514.0,59400.0,59900.0,58000.0,train,59400.0,
949,2022.11.01,17201647.0,60000.0,60300.0,59500.0,train,60000.0,
950,2022.11.02,13202919.0,59600.0,60000.0,59300.0,train,59600.0,
951,2022.11.03,17492162.0,59200.0,59800.0,58100.0,train,59200.0,
952,2022.11.04,12445841.0,59400.0,59500.0,58400.0,train,59400.0,
953,2022.11.07,12437246.0,60200.0,60300.0,59400.0,train,60200.0,
954,2022.11.08,18273898.0,61800.0,61900.0,60500.0,train,61800.0,
955,2022.11.09,14045592.0,62000.0,62200.0,61300.0,train,62000.0,
956,2022.11.10,21087633.0,60400.0,61500.0,60400.0,train,60400.0,
957,2022.11.11,20037163.0,62900.0,63200.0,62300.0,train,62900.0,
958,2022.11.14,15973416.0,61900.0,62900.0,61700.0,train,61900.0,
959,2022.11.15,12310986.0,62400.0,62500.0,61600.0,train,62400.0,
960,2022.11.16,12909260.0,62700.0,62700.0,61700.0,train,62700.0,
961,2022.11.17,13298296.0,61400.0,62000.0,61300.0,train,61400.0,
962,2022.11.18,12236503.0,61800.0,62400.0,61400.0,train,61800.0,
963,2022.11.21,9378097.0,61400.0,61800.0,60800.0,train,61400.0,
964,2022.11.22,9411289.0,60600.0,61200.0,60300.0,train,60600.0,
965,2022.11.23,8765050.0,61000.0,61300.0,60700.0,train,61000.0,
966,2022.11.24,8125010.0,61400.0,61700.0,60900.0,train,61400.0,
967,2022.11.25,6677933.0,61000.0,61700.0,60800.0,train,61000.0,
968,2022.11.28,8589032.0,60100.0,60500.0,59800.0,train,60100.0,
969,2022.11.29,7014160.0,60600.0,60600.0,59800.0,train,60600.0,
970,2022.11.30,19768903.0,62200.0,62200.0,60200.0,train,62200.0,
971,2022.12.01,16631445.0,62600.0,63200.0,62300.0,train,62600.0,
972,2022.12.02,15331184.0,60400.0,62500.0,60400.0,train,60400.0,
973,2022.12.05,13767787.0,60300.0,61100.0,60000.0,train,60300.0,
974,2022.12.06,13888300.0,59200.0,60100.0,59200.0,train,59200.0,
975,2022.12.07,12100662.0,58900.0,59600.0,58500.0,train,58900.0,
976,2022.12.08,12986815.0,59200.0,59200.0,58600.0,train,59200.0,
977,2022.12.09,10529632.0,60400.0,60600.0,59300.0,train,60400.0,
978,2022.12.12,9036472.0,59500.0,60000.0,59400.0,train,59500.0,
979,2022.12.13,9040873.0,59700.0,60300.0,59400.0,train,59700.0,
980,2022.12.14,8207485.0,60500.0,60600.0,59800.0,train,60500.0,
981,2022.12.15,8716039.0,59300.0,60200.0,59300.0,train,59300.0,
982,2022.12.16,13033596.0,59500.0,59500.0,58300.0,train,59500.0,
983,2022.12.19,7696187.0,59500.0,59900.0,59100.0,train,59500.0,
984,2022.12.20,9284761.0,58600.0,59100.0,58500.0,train,58600.0,
985,2022.12.21,10356971.0,58000.0,59100.0,58000.0,train,58000.0,
986,2022.12.22,10720630.0,59100.0,59100.0,58100.0,train,59100.0,
987,2022.12.23,9829407.0,58100.0,58400.0,57700.0,train,58100.0,
988,2022.12.26,6756411.0,57900.0,58100.0,57700.0,train,57900.0,
989,2022.12.27,10667027.0,58100.0,58400.0,57900.0,train,58100.0,
990,2022.12.28,14665410.0,56600.0,57600.0,56400.0,train,56600.0,
991,2022.12.29,11295935.0,55300.0,56200.0,55300.0,train,55300.0,
992,2023.01.02,10031448.0,55500.0,56100.0,55200.0,blind,55500.0,
993,2023.01.03,13547030.0,55400.0,56000.0,54500.0,blind,55400.0,
994,2023.01.04,20188071.0,57800.0,58000.0,55600.0,blind,57800.0,
995,2023.01.05,15682826.0,58200.0,58800.0,57600.0,blind,58200.0,
996,2023.01.06,17334989.0,59000.0,59400.0,57900.0,blind,59000.0,
997,2023.01.09,18640107.0,60700.0,60700.0,59600.0,blind,60700.0,
998,2023.01.10,14859797.0,60400.0,61100.0,59900.0,blind,60400.0,
999,2023.01.11,12239423.0,60500.0,61200.0,60300.0,blind,60500.0,
