,date,삼성전자_vol_exch,삼성전자_price_end,삼성전자_price_high,삼성전자_price_low,usage
0,2018.12.26,0.09663769743591259,0.01680672268907568,0.019425675675675658,0.02754036087369427,train
1,2018.12.27,0.07106096805102084,0.014939309056956174,0.020270270270270174,0.023741690408357052,train
2,2018.12.28,0.06395528102642006,0.02334267040149396,0.02195945945945943,0.02564102564102566,train
3,2019.01.02,0.04005992061946333,0.024276377217553713,0.030405405405405372,0.03228869895536568,train
4,2019.01.03,0.09388818668705574,0.0028011204481792618,0.01604729729729726,0.01139601139601143,train
5,2019.01.04,0.11295072158970247,0.0,0.0,0.0,train
6,2019.01.07,0.09711874714827114,0.024276377217553713,0.02195945945945943,0.018043684710351338,train
7,2019.01.08,0.09720672189964553,0.012138188608776912,0.027027027027026973,0.02089268755935425,train
8,2019.01.09,0.15187695884101782,0.04014939309056953,0.03378378378378377,0.02754036087369427,train
9,2019.01.10,0.12020035565687896,0.043884220354808656,0.04307432432432423,0.052231718898385626,train
10,2019.01.11,0.08445357271903077,0.05695611577964521,0.04983108108108103,0.058879392212725534,train
11,2019.01.14,0.0882246359897688,0.048552754435107426,0.0523648648648648,0.05698005698005704,train
12,2019.01.15,0.0824942282067146,0.06816059757236226,0.0591216216216216,0.05698005698005704,train
13,2019.01.16,0.047556237891830194,0.07469654528478065,0.06503378378378377,0.07312440645773977,train
14,2019.01.17,0.08533646343548378,0.08403361344537819,0.07601351351351349,0.08736942070275411,train
15,2019.01.18,0.07709839688978463,0.09056956115779646,0.08108108108108103,0.09686609686609693,train
16,2019.01.21,0.08089870358720687,0.09897292250233425,0.0869932432432432,0.09591642924976262,train
17,2019.01.22,0.06470137257608721,0.0877684407096172,0.08868243243243235,0.09496676163342832,train
18,2019.01.23,0.07758527898939187,0.08496732026143794,0.07854729729729726,0.0854700854700855,train
19,2019.01.24,0.12038573476775445,0.10457516339869277,0.09290540540540537,0.10446343779677114,train
20,2019.01.25,0.21400395526659094,0.13632119514472452,0.12077702702702697,0.1310541310541311,train
21,2019.01.28,0.15823561135513875,0.14192343604108315,0.13344594594594594,0.14719848053181384,train
22,2019.01.29,0.13746838956705365,0.15032679738562094,0.13344594594594594,0.14245014245014243,train
23,2019.01.30,0.15249712437697355,0.1671335200746965,0.14864864864864857,0.15099715099715105,train
24,2019.01.31,0.20040378280487908,0.16246498599439774,0.1596283783783783,0.1766381766381767,train
25,2019.02.01,0.1097318026200015,0.16619981325863675,0.15793918918918914,0.1785375118708452,test
26,2019.02.07,0.13347517171374607,0.1633986928104575,0.16047297297297292,0.1775878442545109,train
27,2019.02.08,0.09642257431421779,0.13725490196078438,0.13682432432432423,0.14814814814814814,train
28,2019.02.11,0.07821351207896714,0.1409897292250234,0.125,0.14055080721747393,train
29,2019.02.12,0.10218710330890073,0.16059757236227823,0.1461148648648648,0.14814814814814814,train
30,2019.02.13,0.08024721079758583,0.1633986928104575,0.15371621621621612,0.1737891737891738,train
31,2019.02.14,0.1496258785513505,0.1876750700280112,0.16722972972972971,0.1766381766381767,train
32,2019.02.15,0.07157319367765497,0.16059757236227823,0.15625,0.16714150047483378,train
33,2019.02.18,0.0439722068237627,0.1633986928104575,0.15625,0.170940170940171,train
34,2019.02.19,0.027181299443306203,0.15873015873015872,0.14442567567567566,0.16334283000949668,train
35,2019.02.20,0.08265678999422187,0.17647058823529416,0.16047297297297292,0.18328584995251662,train
36,2019.02.21,0.0499126387552284,0.1774042950513539,0.16216216216216206,0.1775878442545109,train
37,2019.02.22,0.02897847797882659,0.18113912231559293,0.16131756756756754,0.18233618233618232,train
38,2019.02.25,0.035834664557290494,0.18487394957983194,0.16807432432432423,0.19373219373219375,train
39,2019.02.26,0.04166508439394501,0.1736694677871149,0.1663851351351351,0.18328584995251662,train
40,2019.02.27,0.042359662343660884,0.1736694677871149,0.1630067567567567,0.18803418803418803,train
41,2019.02.28,0.2230834571774603,0.1428571428571429,0.15033783783783783,0.15669515669515677,train
42,2019.03.04,0.09918560083472287,0.13818860877684414,0.14358108108108103,0.15099715099715105,train
43,2019.03.05,0.07224562951051045,0.12698412698412698,0.12668918918918914,0.13865147198480532,train
44,2019.03.06,0.067474236156922,0.12231559290382821,0.11317567567567566,0.1301044634377968,train
45,2019.03.07,0.07733696597538946,0.130718954248366,0.12415540540540537,0.12440645773979109,train
46,2019.03.08,0.038679297933311624,0.11858076563958919,0.1216216216216216,0.1320037986704654,train
47,2019.03.11,0.07346802104399824,0.11577964519140993,0.11570945945945943,0.1291547958214625,train
48,2019.03.12,0.08178666999396016,0.134453781512605,0.12415540540540537,0.13865147198480532,train
49,2019.03.13,0.043094612985948744,0.11951447245564895,0.11570945945945943,0.1301044634377968,train
50,2019.03.14,0.1587041464641193,0.11951447245564895,0.11317567567567566,0.1272554605887939,train
51,2019.03.15,0.14444334264194758,0.12605042016806722,0.11233108108108103,0.1301044634377968,train
52,2019.03.18,0.044032137222078896,0.11671335200746968,0.11064189189189189,0.1253561253561254,train
53,2019.03.19,0.037288069848390296,0.1204481792717087,0.10641891891891886,0.1272554605887939,train
54,2019.03.20,0.06332634944735395,0.12324929971988796,0.1114864864864864,0.11870845204178537,train
55,2019.03.21,0.19477944065101271,0.1568627450980392,0.1461148648648648,0.13675213675213682,train
56,2019.03.22,0.09463810828743112,0.16993464052287588,0.15878378378378377,0.1785375118708452,train
57,2019.03.25,0.04997921644519933,0.15032679738562094,0.13597972972972971,0.15099715099715105,train
58,2019.03.26,0.06197091894883944,0.14565826330532217,0.13682432432432423,0.15289648622981955,train
59,2019.03.27,0.060088140526213585,0.14752567693744167,0.1351351351351351,0.14055080721747393,train
60,2019.03.28,0.02811158267171439,0.13818860877684414,0.1283783783783783,0.14150047483380823,train
61,2019.03.29,0.08248208613106507,0.134453781512605,0.12331081081081074,0.13960113960113962,train
62,2019.04.01,0.034407569037013266,0.14192343604108315,0.13260135135135132,0.15194681861348536,train
63,2019.04.02,0.05907075565829456,0.1549953314659197,0.14358108108108103,0.16144349477682818,train
64,2019.04.03,0.09348163087889792,0.17086834733893563,0.15456081081081074,0.1699905033238367,train
65,2019.04.04,0.0959682301833933,0.1774042950513539,0.16047297297297292,0.1766381766381767,train
66,2019.04.05,0.048193539703295166,0.1755368814192344,0.16807432432432423,0.18518518518518523,train
67,2019.04.08,0.047746157184396315,0.1718020541549954,0.1630067567567567,0.1766381766381767,train
68,2019.04.09,0.02878044456667493,0.1718020541549954,0.15793918918918914,0.1775878442545109,train
69,2019.04.10,0.08704883370532167,0.17273576097105514,0.15371621621621612,0.1747388414055081,train
70,2019.04.11,0.10815956098352257,0.16433239962651724,0.15540540540540537,0.1766381766381767,train
71,2019.04.12,0.03797926012407549,0.1755368814192344,0.15709459459459452,0.1737891737891738,train
72,2019.04.15,0.05036677333920561,0.17927170868347342,0.16722972972972971,0.19278252611585944,train
73,2019.04.16,0.038700392315935736,0.18300653594771243,0.16554054054054046,0.18898385565052234,train
74,2019.04.17,0.01288860957587648,0.17927170868347342,0.16891891891891886,0.19278252611585944,train
75,2019.04.18,0.09781432626625726,0.15219421101774044,0.1630067567567567,0.16429249762583098,train
76,2019.04.19,0.047417878765181415,0.14659197012138192,0.14189189189189189,0.15954415954415957,train
77,2019.04.22,0.018631345698444435,0.14752567693744167,0.14020270270270263,0.15669515669515677,train
78,2019.04.23,0.02926711711943493,0.1447245564892624,0.13344594594594594,0.15479582146248816,train
79,2019.04.24,0.10352471068390666,0.13632119514472452,0.13597972972972971,0.13865147198480532,train
80,2019.04.25,0.07523237057344799,0.134453781512605,0.125,0.13770180436847101,train
81,2019.04.26,0.06208932455903253,0.13818860877684414,0.125,0.1320037986704654,train
82,2019.04.29,0.05088479642861392,0.16246498599439774,0.14442567567567566,0.15669515669515677,train
83,2019.04.30,0.07816961201446627,0.1568627450980392,0.14695945945945943,0.16144349477682818,train
84,2019.05.02,0.04911073789524115,0.15779645191409897,0.14442567567567566,0.16239316239316237,train
85,2019.05.03,0.025103537679305454,0.14659197012138192,0.1427364864864864,0.16049382716049387,train
86,2019.05.07,0.08857284464245639,0.13818860877684414,0.13006756756756754,0.14339981006647673,train
87,2019.05.08,0.06975841320696478,0.12698412698412698,0.12246621621621612,0.13960113960113962,train
88,2019.05.09,0.216801673431809,0.09337068160597572,0.11233108108108103,0.10636277302943975,train
89,2019.05.10,0.11842867198777514,0.10177404295051351,0.09881756756756754,0.10636277302943975,train
90,2019.05.13,0.03758511414587204,0.09710550887021474,0.09459459459459452,0.10446343779677114,train
91,2019.05.14,0.0833204714254585,0.09710550887021474,0.09290540540540537,0.0845204178537512,train
92,2019.05.15,0.03799380034697698,0.09523809523809523,0.09206081081081074,0.10826210826210825,train
93,2019.05.16,0.10804814026823813,0.07656395891690015,0.08108108108108103,0.0854700854700855,train
94,2019.05.17,0.10420787997193841,0.07002801120448177,0.07516891891891886,0.07597340930674268,train
95,2019.05.20,0.13208280276265633,0.08496732026143794,0.07601351351351349,0.0892687559354226,train
96,2019.05.21,0.16770269344299743,0.10644257703081239,0.10726351351351349,0.10446343779677114,train
97,2019.05.22,0.07714592909963798,0.11297852474323067,0.10472972972972971,0.10541310541310545,train
98,2019.05.23,0.09141452107963287,0.11951447245564895,0.108108108108108,0.12155745489078829,train
99,2019.05.24,0.11129002790069704,0.0980392156862745,0.10472972972972971,0.10541310541310545,train
100,2019.05.27,0.042609465468577135,0.09710550887021474,0.09121621621621612,0.10446343779677114,train
101,2019.05.28,0.23399805396171247,0.09523809523809523,0.0903716216216216,0.10066476733143404,train
102,2019.05.29,0.12251606950743428,0.08123249299719892,0.07601351351351349,0.0845204178537512,train
103,2019.05.30,0.08567540546092588,0.09523809523809523,0.08614864864864857,0.10066476733143404,train
104,2019.05.31,0.08101858766682228,0.09430438842203548,0.08783783783783783,0.10066476733143404,test
105,2019.06.03,0.1287554665824816,0.11858076563958919,0.10641891891891886,0.10731244064577405,train
106,2019.06.04,0.06410929795915574,0.11204481792717091,0.10304054054054046,0.11680911680911688,train
107,2019.06.05,0.09380252859249268,0.1204481792717087,0.1114864864864864,0.1301044634377968,train
108,2019.06.07,0.08471689161559524,0.12605042016806722,0.11402027027027017,0.1253561253561254,train
109,2019.06.10,0.05105551890167277,0.13725490196078438,0.12246621621621612,0.13675213675213682,train
110,2019.06.11,0.026290457588148852,0.13818860877684414,0.125,0.14624881291547964,train
111,2019.06.12,0.048904834834825744,0.13352007469654525,0.12584459459459452,0.14150047483380823,train
112,2019.06.13,0.1455187603450659,0.11764705882352944,0.1148648648648648,0.12440645773979109,train
113,2019.06.14,0.05723355367494763,0.12231559290382821,0.11064189189189189,0.12250712250712248,train
114,2019.06.17,0.08712367685426782,0.1204481792717087,0.10895270270270263,0.12440645773979109,test
115,2019.06.18,0.0417742932258417,0.12885154061624648,0.11655405405405406,0.1291547958214625,train
116,2019.06.19,0.0699788564902817,0.14752567693744167,0.13260135135135132,0.15479582146248816,train
117,2019.06.20,0.03191228517984812,0.15032679738562094,0.13344594594594594,0.15194681861348536,train
118,2019.06.21,0.0587706962145106,0.15406162464985995,0.1385135135135135,0.15859449192782527,train
119,2019.06.24,0.019540650959143646,0.15032679738562094,0.1385135135135135,0.15859449192782527,train
120,2019.06.25,0.031085611225918214,0.15219421101774044,0.1385135135135135,0.15859449192782527,train
121,2019.06.26,0.05610693669214889,0.15406162464985995,0.14189189189189189,0.1661918328584996,train
122,2019.06.27,0.0954253408681102,0.16900093370681613,0.15202702702702697,0.1690408357075024,train
123,2019.06.28,0.09944976956016792,0.17833800186741366,0.15878378378378377,0.18708452041785373,train
124,2019.07.01,0.08122258152262933,0.17086834733893563,0.16554054054054046,0.1785375118708452,train
125,2019.07.02,0.04722419927085614,0.16433239962651724,0.15709459459459452,0.170940170940171,train
126,2019.07.03,0.06126727227723383,0.14845938375350143,0.14780405405405406,0.15859449192782527,train
127,2019.07.04,0.02280617081937683,0.15966386554621848,0.14527027027027017,0.15954415954415957,train
128,2019.07.05,0.032932196251425766,0.1531279178338002,0.14104729729729726,0.15954415954415957,train
129,2019.07.08,0.039782608650098514,0.12978524743230624,0.1216216216216216,0.14245014245014243,train
130,2019.07.09,0.03771715194262849,0.1428571428571429,0.13260135135135132,0.14909781576448244,train
131,2019.07.10,0.05643095432546952,0.1512605042016807,0.14442567567567566,0.16429249762583098,train
132,2019.07.11,0.07663849976750776,0.1633986928104575,0.15118243243243235,0.1766381766381767,train
133,2019.07.12,0.00977038950777516,0.165266106442577,0.14864864864864857,0.1699905033238367,train
134,2019.07.15,0.0036169532060702572,0.16806722689075637,0.1528716216216216,0.1690408357075024,train
135,2019.07.16,0.03493952699176432,0.1755368814192344,0.15625,0.17948717948717952,train
136,2019.07.17,0.009430434672571299,0.16059757236227823,0.14780405405405406,0.1728395061728395,train
137,2019.07.18,0.00858004700042652,0.16153127917833798,0.1494932432432432,0.16714150047483378,train
138,2019.07.19,0.05137229552727145,0.17460317460317465,0.15793918918918914,0.18518518518518523,train
139,2019.07.22,0.053580872731419635,0.18207282913165268,0.16385135135135132,0.18518518518518523,train
140,2019.07.23,0.05418939677586099,0.1839402427637722,0.16807432432432423,0.19373219373219375,train
141,2019.07.24,0.050640383314268844,0.1671335200746965,0.16131756756756754,0.1785375118708452,train
142,2019.07.25,0.04659282297857199,0.18207282913165268,0.16216216216216206,0.18518518518518523,test
143,2019.07.26,0.04036518380995424,0.18113912231559293,0.16131756756756754,0.18423551756885093,train
144,2019.07.29,0.028525321280136587,0.16153127917833798,0.1596283783783783,0.1737891737891738,train
145,2019.07.30,0.01332348913288886,0.16993464052287588,0.15625,0.17948717948717952,train
146,2019.07.31,0.09856134913524557,0.14752567693744167,0.15202702702702697,0.15479582146248816,train
147,2019.08.01,0.03963520408454303,0.1447245564892624,0.13344594594594594,0.15194681861348536,train
148,2019.08.02,0.09016152406495366,0.14005602240896364,0.13344594594594594,0.14150047483380823,train
149,2019.08.05,0.11417456830962959,0.12138188608776845,0.1182432432432432,0.1282051282051282,train
150,2019.08.06,0.12429961585639131,0.11297852474323067,0.10472972972972971,0.10731244064577405,train
151,2019.08.07,0.06514580979763293,0.10737628384687214,0.10641891891891886,0.11870845204178537,train
152,2019.08.08,0.14575554828246906,0.09710550887021474,0.09966216216216206,0.11016144349477686,train
153,2019.08.09,0.06145096337183974,0.10644257703081239,0.09712837837837829,0.11775878442545107,train
154,2019.08.12,0.04726024132858475,0.11671335200746968,0.108108108108108,0.1272554605887939,train
155,2019.08.13,0.033416296034561074,0.10364145658263302,0.09966216216216206,0.11585944919278257,train
156,2019.08.14,0.05056602910796629,0.11671335200746968,0.11233108108108103,0.1263057929724597,train
157,2019.08.16,0.05962287667634858,0.1204481792717087,0.10641891891891886,0.12250712250712248,train
158,2019.08.19,0.018715874568330584,0.11484593837535018,0.11402027027027017,0.1263057929724597,train
159,2019.08.20,0.046888132693818085,0.130718954248366,0.1182432432432432,0.1272554605887939,train
160,2019.08.21,0.0252059944461238,0.13165266106442575,0.1216216216216216,0.13865147198480532,train
161,2019.08.22,0.04254553039717998,0.12324929971988796,0.11993243243243235,0.1329534662867996,train
162,2019.08.23,0.007111205091578608,0.12138188608776845,0.1114864864864864,0.1291547958214625,train
163,2019.08.26,0.04130887803658702,0.11484593837535018,0.10472972972972971,0.11585944919278257,train
164,2019.08.27,0.1452555578634166,0.12324929971988796,0.1114864864864864,0.1282051282051282,train
165,2019.08.28,0.01573699151216526,0.12511671335200747,0.1148648648648648,0.1310541310541311,train
166,2019.08.29,0.07406702234838082,0.11111111111111116,0.1114864864864864,0.11775878442545107,train
167,2019.08.30,0.06394138108555185,0.12231559290382821,0.11317567567567566,0.1310541310541311,train
168,2019.09.02,0.0323517747675002,0.11858076563958919,0.12246621621621612,0.1291547958214625,train
169,2019.09.03,0.06249629946088486,0.1083099906629319,0.10219594594594594,0.11870845204178537,train
170,2019.09.04,0.09354294661470432,0.12418300653594772,0.10979729729729726,0.11965811965811968,train
171,2019.09.05,0.161710782836055,0.15406162464985995,0.14358108108108103,0.14434947768281103,train
172,2019.09.06,0.06391214930035917,0.165266106442577,0.15033783783783783,0.170940170940171,train
173,2019.09.09,0.05852906541663745,0.17647058823529416,0.15878378378378377,0.17948717948717952,train
174,2019.09.10,0.056173234986323456,0.17833800186741366,0.16216216216216206,0.18423551756885093,train
175,2019.09.11,0.1366139273728788,0.18113912231559293,0.16554054054054046,0.18898385565052234,train
176,2019.09.16,0.12973737982575623,0.18020541549953317,0.16047297297297292,0.18138651471984812,train
177,2019.09.17,0.030264955923101244,0.17647058823529416,0.16047297297297292,0.18898385565052234,train
178,2019.09.18,0.06992457221534999,0.19140989729225022,0.170608108108108,0.18898385565052234,train
179,2019.09.19,0.14033680651023872,0.2184873949579832,0.19594594594594594,0.20892687559354228,train
180,2019.09.20,0.1286813102815348,0.21942110177404295,0.20270270270270263,0.23266856600189934,train
181,2019.09.23,0.03681065228138426,0.22128851540616246,0.1976351351351351,0.23076923076923084,train
182,2019.09.24,0.040342704089839906,0.22502334267040147,0.20354729729729726,0.22792022792022792,train
183,2019.09.25,0.05565343074871344,0.21381886087768442,0.19847972972972971,0.22697056030389362,train
184,2019.09.26,0.047593036646507256,0.21942110177404295,0.19679054054054046,0.22886989553656223,train
185,2019.09.27,0.042392607764646664,0.20448179271708689,0.1875,0.21177587844254508,train
186,2019.09.30,0.059262037005367876,0.2166199813258637,0.19679054054054046,0.2098765432098766,train
187,2019.10.01,0.02094891054615057,0.21288515406162467,0.1942567567567567,0.22412155745489082,train
188,2019.10.02,0.046285778639879385,0.1895424836601307,0.18243243243243235,0.20417853751187087,train
189,2019.10.04,0.057336254913087775,0.19701213818860874,0.18665540540540537,0.19943019943019946,train
190,2019.10.07,0.030742175584751535,0.19234360410830997,0.1875,0.20512820512820518,train
191,2019.10.08,0.11446887685660544,0.21381886087768442,0.19256756756756754,0.20417853751187087,train
192,2019.10.10,0.16569712056787755,0.20728291316526615,0.19594594594594594,0.21177587844254508,train
193,2019.10.11,0.039310336622341846,0.2184873949579832,0.20016891891891886,0.22697056030389362,train
194,2019.10.14,0.07827859965802421,0.23436041083099912,0.21452702702702697,0.24691358024691357,train
195,2019.10.15,0.019226784706423583,0.23622782446311863,0.21283783783783783,0.24786324786324787,train
196,2019.10.16,0.055061356131781966,0.24743230625583568,0.22466216216216206,0.2573599240265907,train
197,2019.10.17,0.026715465160357013,0.24369747899159666,0.21959459459459452,0.251661918328585,train
198,2019.10.18,0.047457413270364346,0.23249299719887961,0.22466216216216206,0.24311490978157646,train
199,2019.10.21,0.0,0.23996265172735765,0.21621621621621612,0.24596391263057937,train
200,2019.10.22,0.07557886792688297,0.2567693744164332,0.23479729729729726,0.2630579297245964,train
201,2019.10.23,0.049561892257390674,0.2567693744164332,0.23479729729729726,0.264957264957265,train
202,2019.10.24,0.19533554305916462,0.24743230625583568,0.25168918918918914,0.2592592592592593,train
203,2019.10.25,0.04043516081544736,0.2511671335200747,0.22972972972972971,0.2592592592592593,train
204,2019.10.28,0.0235739155432608,0.2586367880485527,0.23479729729729726,0.2630579297245964,train
205,2019.10.29,0.03696287642442671,0.2549019607843137,0.23817567567567566,0.264957264957265,train
206,2019.10.30,0.05300259328193274,0.24183006535947715,0.22297297297297292,0.2535612535612536,train
207,2019.10.31,0.06866438075891489,0.24183006535947715,0.233108108108108,0.2554605887939222,train
208,2019.11.01,0.04727976410985442,0.2567693744164332,0.22972972972972971,0.2573599240265907,train
209,2019.11.04,0.10018527899404849,0.2773109243697479,0.24831081081081074,0.27635327635327633,train
210,2019.11.05,0.07188042428021182,0.28478057889822594,0.25506756756756754,0.28964862298195637,train
211,2019.11.06,0.11588641471234933,0.2959850606909431,0.26858108108108103,0.3010446343779677,train
212,2019.11.07,0.05646804411743443,0.28851540616246496,0.2668918918918919,0.2953466286799621,train
213,2019.11.08,0.08378100882976865,0.2735760971055089,0.26520270270270263,0.28774928774928776,train
214,2019.11.11,0.043998097500890745,0.26423902894491136,0.2466216216216216,0.27635327635327633,train
215,2019.11.12,0.025257577895024155,0.28291316526610644,0.2533783783783783,0.28015194681861355,train
216,2019.11.13,0.021171973165058214,0.28104575163398693,0.25168918918918914,0.28774928774928776,train
217,2019.11.14,0.08851592939044244,0.28664799253034545,0.2567567567567567,0.28584995251661927,train
218,2019.11.15,0.06166298985679172,0.30345471521942113,0.27195945945945943,0.2991452991452992,train
219,2019.11.18,0.03888284941244112,0.2997198879551821,0.2736486486486486,0.3105413105413105,train
220,2019.11.19,0.05239423221837258,0.2997198879551821,0.26858108108108103,0.3010446343779677,train
221,2019.11.20,0.09491935508092782,0.2717086834733894,0.2668918918918919,0.28774928774928776,train
222,2019.11.21,0.11515897283208827,0.2530345471521942,0.24493243243243235,0.2611585944919279,train
223,2019.11.22,0.047401580677061225,0.26423902894491136,0.2364864864864864,0.2668566001899335,train
224,2019.11.25,0.054064180893131975,0.2679738562091504,0.2533783783783783,0.28205128205128205,train
225,2019.11.26,0.2673549434650755,0.2679738562091504,0.25844594594594594,0.28395061728395066,train
226,2019.11.27,0.036551140152544986,0.2754435107376284,0.24831081081081074,0.28015194681861355,train
227,2019.11.28,0.028258020993474173,0.2586367880485527,0.24493243243243235,0.27445394112060784,train
228,2019.11.29,0.07884552865328455,0.23996265172735765,0.233108108108108,0.2535612535612536,test
229,2019.12.02,0.16846077572892443,0.24183006535947715,0.23141891891891886,0.2573599240265907,train
230,2019.12.03,0.08909560581891106,0.23249299719887961,0.21452702702702697,0.24026590693257366,train
231,2019.12.04,0.10291099453424989,0.22408963585434172,0.20692567567567566,0.23076923076923084,train
232,2019.12.05,0.07035167525603074,0.22502334267040147,0.21621621621621612,0.24026590693257366,train
233,2019.12.06,0.08158394506072818,0.24183006535947715,0.22466216216216206,0.24881291547958218,train
234,2019.12.09,0.047312139097756,0.2567693744164332,0.233108108108108,0.2630579297245964,train
235,2019.12.10,0.028827126947647733,0.26237161531279174,0.2364864864864864,0.2630579297245964,train
236,2019.12.11,0.08117600391508016,0.2698412698412699,0.2466216216216216,0.27635327635327633,train
237,2019.12.12,0.28838496028260696,0.2959850606909431,0.26520270270270263,0.3010446343779677,train
238,2019.12.13,0.15964827142593813,0.3221288515406162,0.29054054054054046,0.32383665716999055,train
239,2019.12.16,0.08272297187348131,0.3221288515406162,0.2922297297297297,0.33143399810066476,train
240,2019.12.17,0.17406244025732076,0.3594771241830066,0.3226351351351351,0.352326685660019,train
241,2019.12.18,0.12982215316696416,0.35200746965452856,0.33108108108108103,0.36372269705603044,train
242,2019.12.19,0.11378381000545683,0.34640522875817004,0.3327702702702702,0.3542260208926876,train
243,2019.12.20,0.08951128855641617,0.34640522875817004,0.3192567567567567,0.35612535612535623,train
244,2019.12.23,0.06324497542166821,0.3370681605975723,0.31756756756756754,0.3466286799620134,train
245,2019.12.24,0.08686801805911983,0.32773109243697474,0.3057432432432432,0.3409306742640076,train
246,2019.12.26,0.060983988222722135,0.33520074696545277,0.30067567567567566,0.33333333333333337,train
247,2019.12.27,0.09204374369598682,0.3557422969187676,0.3260135135135135,0.3542260208926876,train
248,2019.12.30,0.045986638873925054,0.342670401493931,0.32094594594594594,0.35802469135802484,train
249,2020.01.02,0.0999619602623275,0.33146591970121375,0.31081081081081074,0.3447293447293448,train
250,2020.01.03,0.12823945747110527,0.3370681605975723,0.32094594594594594,0.3428300094966762,test
251,2020.01.06,0.06836372759906369,0.3370681605975723,0.30405405405405406,0.3371320037986706,train
252,2020.01.07,0.06523015240365485,0.342670401493931,0.31756756756756754,0.35612535612535623,train
253,2020.01.08,0.22229008953075313,0.3613445378151261,0.33445945945945943,0.36182336182336183,train
254,2020.01.09,0.22929137565945262,0.39495798319327724,0.3547297297297297,0.3903133903133903,train
255,2020.01.10,0.13496725003965676,0.41176470588235303,0.37331081081081086,0.40740740740740755,train
256,2020.01.13,0.08093872703503342,0.42110177404295057,0.3783783783783784,0.422602089268756,train
257,2020.01.14,0.1455158965381534,0.42110177404295057,0.3952702702702703,0.4377967711301044,train
258,2020.01.15,0.11518553871572416,0.40242763772175527,0.3716216216216216,0.41880341880341876,train
259,2020.01.16,0.11612670673869831,0.4341736694677871,0.39020270270270274,0.42070275403608737,train
260,2020.01.17,0.1352640032998506,0.4453781512605042,0.41216216216216217,0.45868945868945865,train
261,2020.01.20,0.09455596592330544,0.46591970121381876,0.42567567567567555,0.4719848053181387,train
262,2020.01.21,0.07841897276270497,0.4472455648926237,0.41891891891891897,0.46248812915479587,train
263,2020.01.22,0.12727682253777856,0.46405228758169925,0.42229729729729726,0.44729344729344744,train
264,2020.01.23,0.1223523552122671,0.43604108309990663,0.40878378378378366,0.45299145299145305,train
265,2020.01.28,0.22419195999946262,0.39869281045751626,0.3682432432432431,0.40740740740740755,train
266,2020.01.29,0.14015856363366153,0.4042950513538748,0.37331081081081086,0.4169040835707504,train
267,2020.01.30,0.19109983293761185,0.36881419234360413,0.3581081081081081,0.37891737891737887,train
268,2020.01.31,0.1786145428352522,0.35387488328664807,0.3513513513513513,0.37132003798670465,train
269,2020.02.03,0.22804202243161747,0.36881419234360413,0.33445945945945943,0.3485280151946818,train
270,2020.02.04,0.20248815693605998,0.40056022408963576,0.3614864864864864,0.37891737891737887,train
271,2020.02.05,0.17312800101644188,0.41176470588235303,0.3817567567567567,0.41880341880341876,train
272,2020.02.06,0.12014750328540354,0.44164332399626516,0.3969594594594593,0.4339981006647674,train
273,2020.02.07,0.13965088983020957,0.4285714285714286,0.3986486486486486,0.4339981006647674,train
274,2020.02.10,0.10128784465537845,0.41549953314659205,0.3749999999999999,0.422602089268756,train
275,2020.02.11,0.07758704849610208,0.41923436041083106,0.39020270270270274,0.4339981006647674,train
276,2020.02.12,0.09892562304622303,0.4304388422035481,0.39020270270270274,0.4339981006647674,train
277,2020.02.13,0.16348430586081808,0.4341736694677871,0.4054054054054054,0.44919278252611583,train
278,2020.02.14,0.1032546280807723,0.4547152194211017,0.4104729729729729,0.4434947768281102,train
279,2020.02.17,0.050454980920410314,0.4491129785247432,0.41216216216216217,0.46248812915479587,train
280,2020.02.18,0.14281473290355584,0.41736694677871156,0.39358108108108103,0.4339981006647674,train
281,2020.02.19,0.09947613753844807,0.4248366013071896,0.3851351351351352,0.4283000949667616,test
282,2020.02.20,0.11857316618045201,0.42110177404295057,0.40033783783783783,0.4320987654320988,train
283,2020.02.21,0.10909081045572645,0.4061624649859945,0.3749999999999999,0.41120607787274455,train
284,2020.02.24,0.24704416127628742,0.3613445378151261,0.34628378378378377,0.37891737891737887,train
285,2020.02.25,0.22676318130577627,0.3818860877684407,0.3445945945945945,0.36752136752136766,train
286,2020.02.26,0.24536272244940333,0.3557422969187676,0.32770270270270263,0.36372269705603044,train
287,2020.02.27,0.21889508136040514,0.34453781512605053,0.3260135135135135,0.3542260208926876,train
288,2020.02.28,0.2985774353482202,0.3127917833800187,0.3023648648648648,0.32953466286799615,train
289,2020.03.02,0.30264246956268015,0.32773109243697474,0.3023648648648648,0.31813865147198495,train
290,2020.03.03,0.3017912786276209,0.33520074696545277,0.3260135135135135,0.3466286799620134,train
291,2020.03.04,0.23701141911574347,0.37254901960784315,0.33783783783783783,0.3371320037986706,train
292,2020.03.05,0.20131001471181847,0.3800186741363212,0.3445945945945945,0.3770180436847105,train
293,2020.03.06,0.16659119875767592,0.3557422969187676,0.33108108108108103,0.36752136752136766,train
294,2020.03.09,0.30099022759651417,0.3127917833800187,0.29391891891891886,0.31813865147198495,train
295,2020.03.10,0.32246958270351894,0.3202614379084967,0.2922297297297297,0.32003798670465333,train
296,2020.03.11,0.4808023306638539,0.2735760971055089,0.28378378378378377,0.28774928774928776,train
297,2020.03.12,0.5092392115329555,0.24929971988795518,0.24155405405405406,0.23646723646723655,train
298,2020.03.13,0.6409386366970592,0.23342670401493937,0.2364864864864864,0.18993352326685664,train
299,2020.03.16,0.33682665001902334,0.21381886087768442,0.22466216216216206,0.22697056030389362,train
300,2020.03.17,0.5449570770058819,0.1839402427637722,0.20354729729729726,0.18708452041785373,train
301,2020.03.18,0.4161378266913929,0.15219421101774044,0.18158783783783783,0.1661918328584996,train
302,2020.03.19,0.6113992832985597,0.10270774976657326,0.1528716216216216,0.10351377018043684,train
303,2020.03.20,0.5276328728991502,0.14845938375350143,0.13344594594594594,0.1272554605887939,train
304,2020.03.23,0.4341705319716917,0.09430438842203548,0.10050675675675669,0.10541310541310545,train
305,2020.03.24,0.5284698961390365,0.1774042950513539,0.15793918918918914,0.11775878442545107,train
306,2020.03.25,0.5626261952232027,0.20915032679738566,0.20270270270270263,0.19563152896486236,train
307,2020.03.26,0.43979922804338445,0.19327731092436973,0.1976351351351351,0.20607787274453948,train
308,2020.03.27,0.41315242439997946,0.20261437908496738,0.20439189189189189,0.18993352326685664,train
309,2020.03.30,0.26066305325635447,0.19421101774042948,0.18158783783783783,0.18423551756885093,train
310,2020.03.31,0.3055627260675789,0.19234360410830997,0.1841216216216216,0.19563152896486236,train
311,2020.04.01,0.26604301722035034,0.15592903828197946,0.1739864864864864,0.1699905033238367,train
312,2020.04.02,0.20040297954196457,0.17460317460317465,0.15625,0.16144349477682818,train
313,2020.04.03,0.21394908891708353,0.17833800186741366,0.16891891891891886,0.18423551756885093,train
314,2020.04.06,0.22106255245801593,0.2100840336134454,0.18918918918918914,0.19753086419753085,train
315,2020.04.07,0.3156881810665436,0.22689075630252098,0.21283783783783783,0.23076923076923084,train
316,2020.04.08,0.23985876495928748,0.2082166199813259,0.2052364864864864,0.22317188983855651,train
317,2020.04.09,0.21212575195013028,0.21755368814192344,0.20608108108108103,0.22507122507122512,train
318,2020.04.10,0.1563752660866612,0.2203548085901027,0.19679054054054046,0.22412155745489082,train
319,2020.04.13,0.1167090839931983,0.20261437908496738,0.1908783783783783,0.2174738841405508,train
320,2020.04.14,0.11408294977141116,0.21568627450980393,0.19594594594594594,0.2174738841405508,train
321,2020.04.16,0.22052743965906446,0.21568627450980393,0.19847972972972971,0.2222222222222222,train
322,2020.04.17,0.3217142943755554,0.26050420168067223,0.2432432432432432,0.2554605887939222,train
323,2020.04.20,0.20325838129763651,0.23622782446311863,0.233108108108108,0.24976258309591648,train
324,2020.04.21,0.26776608602088997,0.2203548085901027,0.20439189189189189,0.22507122507122512,train
325,2020.04.22,0.16539454656192648,0.23155929038281986,0.20945945945945943,0.2184235517568851,train
326,2020.04.23,0.16703108415603946,0.23155929038281986,0.21452702702702697,0.24026590693257366,train
327,2020.04.24,0.1305222608251494,0.2222222222222222,0.2052364864864864,0.23076923076923084,train
328,2020.04.27,0.11225820418398465,0.23155929038281986,0.20945945945945943,0.23266856600189934,train
329,2020.04.28,0.13607585763508268,0.23622782446311863,0.21114864864864857,0.23646723646723655,train
330,2020.04.29,0.13036144526136928,0.23436041083099912,0.21790540540540537,0.24216524216524216,train
331,2020.05.04,0.25235514940306036,0.2063492063492064,0.1942567567567567,0.22127255460588802,train
332,2020.05.06,0.15906577775652297,0.21942110177404295,0.19594594594594594,0.22127255460588802,train
333,2020.05.07,0.11033665959461579,0.21195144724556492,0.1976351351351351,0.22507122507122512,train
334,2020.05.08,0.12704556430884478,0.21195144724556492,0.19847972972972971,0.22697056030389362,train
335,2020.05.11,0.1391299330849396,0.20448179271708689,0.19679054054054046,0.2174738841405508,train
336,2020.05.12,0.22150334589271764,0.19514472455648924,0.1841216216216216,0.20322886989553657,train
337,2020.05.13,0.18413051434461092,0.20728291316526615,0.18496621621621612,0.19658119658119666,train
338,2020.05.14,0.17345173925396618,0.19701213818860874,0.1773648648648648,0.20512820512820518,train
339,2020.05.15,0.16363963828209488,0.19421101774042948,0.18327702702702697,0.20607787274453948,train
340,2020.05.18,0.18714221476535536,0.21195144724556492,0.1942567567567567,0.20417853751187087,train
341,2020.05.19,0.2416978994302258,0.23996265172735765,0.21790540540540537,0.24406457739791076,train
342,2020.05.20,0.12212353005505984,0.23436041083099912,0.21283783783783783,0.24596391263057937,train
343,2020.05.21,0.12273316004119504,0.23342670401493937,0.21621621621621612,0.24691358024691357,train
344,2020.05.22,0.17811194472210046,0.21101774042950516,0.20608108108108103,0.22317188983855651,train
345,2020.05.25,0.1156160992793847,0.21288515406162467,0.1908783783783783,0.2203228869895537,train
346,2020.05.26,0.12480795322485962,0.2203548085901027,0.20016891891891886,0.22317188983855651,train
347,2020.05.27,0.1762748591536687,0.23249299719887961,0.20945945945945943,0.22697056030389362,train
348,2020.05.28,0.3131885665745351,0.24183006535947715,0.22972972972972971,0.24786324786324787,train
349,2020.05.29,0.2699711940605669,0.24743230625583568,0.22128378378378377,0.24406457739791076,train
350,2020.06.01,0.14601517682622345,0.2567693744164332,0.22972972972972971,0.2611585944919279,train
351,2020.06.02,0.11456859787291788,0.26050420168067223,0.23479729729729726,0.264957264957265,train
352,2020.06.03,0.5221358304549939,0.3183940242763772,0.29391891891891886,0.28205128205128205,train
353,2020.06.04,0.41692608372332524,0.3202614379084967,0.32770270270270263,0.3371320037986706,train
354,2020.06.05,0.21347117076594235,0.3370681605975723,0.3091216216216216,0.32573599240265916,train
355,2020.06.08,0.2471306342752565,0.32586367880485523,0.3192567567567567,0.339031339031339,train
356,2020.06.09,0.22808359419781543,0.3370681605975723,0.3192567567567567,0.33333333333333337,train
357,2020.06.10,0.14360899694510965,0.33520074696545277,0.3091216216216216,0.3428300094966762,train
358,2020.06.11,0.3423598742188064,0.3146591970121382,0.2956081081081081,0.3105413105413105,train
359,2020.06.12,0.26274250303662483,0.2773109243697479,0.2567567567567567,0.27825261158594494,train
360,2020.06.15,0.28366112242185487,0.23249299719887961,0.2432432432432432,0.24786324786324787,train
361,2020.06.16,0.20258341926112244,0.2735760971055089,0.24493243243243235,0.2611585944919279,train
362,2020.06.17,0.25921019511535587,0.2754435107376284,0.25844594594594594,0.27445394112060784,train
363,2020.06.18,0.1347665041599822,0.2773109243697479,0.24831081081081074,0.28015194681861355,train
364,2020.06.19,0.16008743505182782,0.28851540616246496,0.25844594594594594,0.28015194681861355,train
365,2020.06.22,0.1093697056679372,0.2717086834733894,0.2533783783783783,0.28395061728395066,train
366,2020.06.23,0.15925119179187303,0.26050420168067223,0.2567567567567567,0.27065527065527073,train
367,2020.06.24,0.23414556330069158,0.28851540616246496,0.27533783783783783,0.28015194681861355,train
368,2020.06.25,0.1645535652149253,0.2698412698412699,0.2601351351351351,0.28584995251661927,train
369,2020.06.26,0.19987077711589168,0.2959850606909431,0.27533783783783783,0.29154795821462487,train
370,2020.06.29,0.15565132829534595,0.2791783380018674,0.2635135135135135,0.28774928774928776,train
371,2020.06.30,0.19500244506246278,0.28664799253034545,0.27533783783783783,0.3029439696106363,train
372,2020.07.01,0.14318582872856078,0.28291316526610644,0.2702702702702702,0.2953466286799621,train
373,2020.07.02,0.11334216674187457,0.28851540616246496,0.25844594594594594,0.28964862298195637,train
374,2020.07.03,0.08709392120195698,0.3015873015873016,0.2702702702702702,0.3010446343779677,train
375,2020.07.06,0.17986211491488568,0.32773109243697474,0.29391891891891886,0.32193732193732194,train
376,2020.07.07,0.30679405826654976,0.2978524743230626,0.3091216216216216,0.31433998100664773,train
377,2020.07.08,0.1776272861473725,0.29038281979458447,0.27533783783783783,0.3048433048433049,train
378,2020.07.09,0.14724529831007688,0.28664799253034545,0.2702702702702702,0.3029439696106363,train
379,2020.07.10,0.10836150593682307,0.28478057889822594,0.2635135135135135,0.2934472934472935,train
380,2020.07.13,0.09119545149231466,0.2978524743230626,0.2736486486486486,0.3086419753086419,train
381,2020.07.14,0.114819483656545,0.30532212885154064,0.2736486486486486,0.3105413105413105,train
382,2020.07.15,0.2286961578398123,0.3221288515406162,0.29391891891891886,0.33143399810066476,train
383,2020.07.16,0.14403547134524863,0.30532212885154064,0.29054054054054046,0.32193732193732194,train
384,2020.07.17,0.06623593070453399,0.3165266106442577,0.2888513513513513,0.32763532763532777,train
385,2020.07.20,0.07102472808793647,0.3127917833800187,0.29054054054054046,0.32573599240265916,train
386,2020.07.21,0.16170880378249752,0.33333333333333326,0.30067567567567566,0.3409306742640076,train
387,2020.07.22,0.09870268848372203,0.3221288515406162,0.3023648648648648,0.339031339031339,train
388,2020.07.23,0.1374674000402749,0.31092436974789917,0.2888513513513513,0.32193732193732194,train
389,2020.07.24,0.07669419266291273,0.3127917833800187,0.28378378378378377,0.32003798670465333,train
390,2020.07.27,0.1938062701678654,0.3389355742296918,0.3057432432432432,0.33143399810066476,train
391,2020.07.28,0.512517071374194,0.39495798319327724,0.3581081081081081,0.37132003798670465,train
392,2020.07.29,0.37334356418651593,0.40242763772175527,0.3851351351351352,0.41310541310541316,train
393,2020.07.30,0.17321169169893902,0.40242763772175527,0.38006756756756743,0.42070275403608737,train
394,2020.07.31,0.2041546713708226,0.3818860877684407,0.3716216216216216,0.3960113960113961,train
395,2020.08.03,0.19502302721946024,0.3613445378151261,0.3429054054054054,0.3770180436847105,train
396,2020.08.04,0.17477560966898514,0.37068160597572364,0.34628378378378377,0.3827160493827161,train
397,2020.08.05,0.15521804362267105,0.3632119514472456,0.3361486486486486,0.36942070275403605,train
398,2020.08.06,0.2004588354182507,0.3837535014005602,0.3513513513513513,0.3846153846153847,train
399,2020.08.07,0.1669993610916627,0.37441643323996265,0.3513513513513513,0.3846153846153847,train
400,2020.08.10,0.155620664606697,0.3800186741363212,0.34966216216216206,0.3922127255460589,train
401,2020.08.11,0.23866665294522865,0.3874883286647992,0.36993243243243235,0.39791073124406473,train
402,2020.08.12,0.164929701805756,0.40242763772175527,0.3614864864864864,0.3960113960113961,train
403,2020.08.13,0.20585566790345095,0.39682539682539675,0.3716216216216216,0.4017094017094017,train
404,2020.08.14,0.131153241306722,0.3837535014005602,0.3513513513513513,0.3960113960113961,train
405,2020.08.18,0.2433222367412317,0.3912231559290382,0.37668918918918914,0.4017094017094017,train
406,2020.08.19,0.14580022832690137,0.3800186741363212,0.3648648648648648,0.39791073124406473,train
407,2020.08.20,0.3024401055156851,0.33520074696545277,0.33783783783783783,0.3504273504273504,train
408,2020.08.21,0.19482917310276227,0.34453781512605053,0.3260135135135135,0.3599240265906932,train
409,2020.08.24,0.12397449228137682,0.34827264239028954,0.32094594594594594,0.352326685660019,train
410,2020.08.25,0.1119349665305955,0.35387488328664807,0.32432432432432423,0.36562203228869905,train
411,2020.08.26,0.15419227688086162,0.35387488328664807,0.3192567567567567,0.35802469135802484,train
412,2020.08.27,0.13725361569010425,0.3389355742296918,0.3158783783783783,0.35612535612535623,train
413,2020.08.28,0.11889870884916103,0.33520074696545277,0.3158783783783783,0.352326685660019,train
414,2020.08.31,0.32904484845024856,0.30905695611577966,0.3125,0.32573599240265916,train
415,2020.09.01,0.17411696900357426,0.3127917833800187,0.29054054054054046,0.32763532763532777,train
416,2020.09.02,0.1455092376050071,0.3165266106442577,0.2956081081081081,0.32763532763532777,train
417,2020.09.03,0.2791442120727715,0.35387488328664807,0.3226351351351351,0.3542260208926876,train
418,2020.09.04,0.20643365631564997,0.3389355742296918,0.30743243243243235,0.3466286799620134,train
419,2020.09.07,0.16623292021482838,0.3557422969187676,0.3327702702702702,0.3599240265906932,train
420,2020.09.08,0.31561234839081875,0.39682539682539675,0.35641891891891886,0.3865147198480533,train
421,2020.09.09,0.3049007675770864,0.3912231559290382,0.36655405405405406,0.39791073124406473,train
422,2020.09.10,0.2970531682982721,0.4061624649859945,0.3783783783783784,0.422602089268756,train
423,2020.09.11,0.1351643172080127,0.40242763772175527,0.3682432432432431,0.40550807217473894,train
424,2020.09.14,0.18907819480420213,0.4285714285714286,0.3918918918918918,0.4377967711301044,train
425,2020.09.15,0.15681722367051432,0.43977591036414565,0.3952702702702703,0.44919278252611583,train
426,2020.09.16,0.14708923247483463,0.43977591036414565,0.40033783783783783,0.45109211775878444,train
427,2020.09.17,0.24100012007034344,0.41176470588235303,0.3918918918918918,0.4264007597340932,train
428,2020.09.18,0.16854597980531838,0.408029878618114,0.37668918918918914,0.422602089268756,train
429,2020.09.21,0.12495809354092101,0.4061624649859945,0.3783783783783784,0.42070275403608737,train
430,2020.09.22,0.19119811040897655,0.3874883286647992,0.37331081081081086,0.39791073124406473,train
431,2020.09.23,0.18282807591547,0.39495798319327724,0.3581081081081081,0.3903133903133903,train
432,2020.09.24,0.15317279654447002,0.3800186741363212,0.3547297297297297,0.3941120607787275,train
433,2020.09.25,0.08193458678514227,0.3818860877684407,0.3479729729729729,0.3960113960113961,train
434,2020.09.28,0.09554811203762122,0.3874883286647992,0.3581081081081081,0.3998100664767331,train
435,2020.09.29,0.1291860038631591,0.3874883286647992,0.3614864864864864,0.40550807217473894,train
436,2020.10.05,0.18418886150008112,0.39682539682539675,0.3648648648648648,0.3922127255460589,train
437,2020.10.06,0.11708191440043884,0.40242763772175527,0.37668918918918914,0.41500474833808176,train
438,2020.10.07,0.12171536772107304,0.41923436041083106,0.37668918918918914,0.41120607787274455,train
439,2020.10.08,0.23496479834154377,0.41549953314659205,0.39020270270270274,0.4301994301994302,train
440,2020.10.12,0.13666303118408663,0.4285714285714286,0.3851351351351352,0.4377967711301044,train
441,2020.10.13,0.17277253971454087,0.43790849673202614,0.4020270270270271,0.44729344729344744,train
442,2020.10.14,0.13597477456426305,0.43790849673202614,0.3969594594594593,0.44919278252611583,train
443,2020.10.15,0.1554104309114382,0.42110177404295057,0.3918918918918918,0.4339981006647674,train
444,2020.10.16,0.1414168691684713,0.41176470588235303,0.3851351351351352,0.42070275403608737,train
445,2020.10.19,0.11721182180424818,0.42110177404295057,0.3817567567567567,0.4301994301994302,train
446,2020.10.20,0.17368621053455796,0.43790849673202614,0.39358108108108103,0.4415954415954416,train
447,2020.10.21,0.13151290518705977,0.43790849673202614,0.4037162162162161,0.45109211775878444,train
448,2020.10.22,0.11510599240420617,0.4229691876750701,0.38682432432432423,0.435897435897436,train
449,2020.10.23,0.05722609147888688,0.4248366013071896,0.3851351351351352,0.435897435897436,train
450,2020.10.26,0.10316334714580778,0.4285714285714286,0.3969594594594593,0.4415954415954416,train
451,2020.10.27,0.1496383931547285,0.41736694677871156,0.38344594594594594,0.4301994301994302,train
452,2020.10.28,0.11667511412095925,0.40242763772175527,0.3682432432432431,0.4169040835707504,train
453,2020.10.29,0.21222945435654061,0.3856209150326797,0.35304054054054046,0.3922127255460589,train
454,2020.10.30,0.2619488443526298,0.3576097105508871,0.3445945945945945,0.37511870845204187,train
455,2020.11.02,0.1872248111476501,0.37254901960784315,0.3361486486486486,0.36372269705603044,train
456,2020.11.03,0.12275240342666836,0.39869281045751626,0.35979729729729726,0.3941120607787275,train
457,2020.11.04,0.20153785034224703,0.39309056956115773,0.3614864864864864,0.39791073124406473,train
458,2020.11.05,0.1889756798299262,0.4267040149393091,0.38344594594594594,0.4169040835707504,train
459,2020.11.06,0.14556170580726258,0.4229691876750701,0.3918918918918918,0.4320987654320988,train
460,2020.11.09,0.13371917737588812,0.4248366013071896,0.39358108108108103,0.4415954415954416,train
461,2020.11.10,0.1707460005132035,0.4248366013071896,0.38682432432432423,0.4301994301994302,train
462,2020.11.11,0.24705548844753095,0.4453781512605042,0.4020270270270271,0.44729344729344744,train
463,2020.11.12,0.1792096093155029,0.43977591036414565,0.4020270270270271,0.45299145299145305,train
464,2020.11.13,0.31551117218806696,0.48085901027077504,0.43243243243243235,0.45868945868945865,train
465,2020.11.16,0.3719200775286082,0.53874883286648,0.49155405405405406,0.5137701804368472,train
466,2020.11.17,0.30032205254955296,0.5275443510737627,0.4966216216216216,0.5460588793922129,train
467,2020.11.18,0.21603417317924684,0.5107376283846872,0.483108108108108,0.5289648622981956,train
468,2020.11.19,0.14183712701214157,0.5070028011204482,0.4594594594594593,0.5137701804368472,train
469,2020.11.20,0.12412334039188007,0.5088702147525677,0.4662162162162161,0.5137701804368472,train
470,2020.11.23,0.2645862708211859,0.5611577964519141,0.5101351351351352,0.5289648622981956,train
471,2020.11.24,0.32307122662647525,0.5648926237161531,0.5388513513513512,0.5726495726495727,train
472,2020.11.25,0.3264336386205829,0.5443510737628385,0.518581081081081,0.5631528964862299,train
473,2020.11.26,0.17016126003592613,0.5704948646125116,0.5135135135135135,0.5536562203228871,train
474,2020.11.27,0.11242075433000039,0.5742296918767507,0.5202702702702703,0.5840455840455842,train
475,2020.11.30,0.45872697775727733,0.546218487394958,0.5236486486486486,0.5669515669515669,train
476,2020.12.01,0.20862300177581639,0.5667600373482726,0.518581081081081,0.5745489078822413,train
477,2020.12.02,0.29449959549309435,0.5985060690943045,0.545608108108108,0.597340930674264,train
478,2020.12.03,0.2243485147773484,0.6022408963585435,0.5557432432432431,0.6163342830009498,train
479,2020.12.04,0.27618276797089475,0.6358543417366946,0.5827702702702703,0.6315289648622983,train
480,2020.12.07,0.2803732741808971,0.661998132586368,0.606418918918919,0.6657169990503325,train
481,2020.12.08,0.23974262943993968,0.6395891690009337,0.5962837837837837,0.6600189933523267,train
482,2020.12.09,0.22900519287355386,0.680672268907563,0.6131756756756755,0.6676163342830009,train
483,2020.12.10,0.4129981746374135,0.661998132586368,0.6114864864864865,0.6771130104463438,train
484,2020.12.11,0.16391384197322534,0.6713352007469655,0.6114864864864865,0.6885090218423552,train
485,2020.12.14,0.1991147204494882,0.6788048552754435,0.6233108108108109,0.6904083570750238,train
486,2020.12.15,0.19158565566149133,0.6788048552754435,0.6165540540540541,0.6923076923076924,train
487,2020.12.16,0.15256814911670302,0.6788048552754435,0.6233108108108109,0.694207027540361,train
488,2020.12.17,0.2315106513943026,0.669467787114846,0.6097972972972973,0.6790123456790124,train
489,2020.12.18,0.15374333440209986,0.6638655462184875,0.6097972972972973,0.6866096866096866,train
490,2020.12.21,0.1858077971590244,0.6638655462184875,0.6047297297297297,0.6676163342830009,train
491,2020.12.22,0.13851487816375868,0.6507936507936507,0.6013513513513512,0.6695156695156695,train
492,2020.12.23,0.17467819366799253,0.680672268907563,0.6148648648648648,0.6733143399810068,train
493,2020.12.24,0.32708329205454467,0.7535014005602241,0.6959459459459459,0.7056030389363724,train
494,2020.12.28,0.4153511063363404,0.7703081232492996,0.7179054054054054,0.7853751187084522,train
495,2020.12.29,0.3018978448409438,0.7628384687208216,0.6976351351351352,0.768281101614435,train
496,2020.12.30,0.2911640637028935,0.8132586367880486,0.7381756756756755,0.768281101614435,train
497,2021.01.04,0.3987064742967625,0.8506069094304389,0.7905405405405405,0.8233618233618235,train
498,2021.01.05,0.36006129757507965,0.8674136321195145,0.7820945945945946,0.8499525166191834,train
499,2021.01.06,0.43868029444498524,0.8356676003734826,0.7922297297297297,0.8594491927825262,train
500,2021.01.07,0.3287337295895259,0.8487394957983194,0.7871621621621622,0.8708452041785376,train
501,2021.01.08,0.6357043194334002,0.9589169000933706,0.8851351351351352,0.8765432098765432,train
502,2021.01.11,0.9999999999999999,1.0,0.9999999999999999,1.0,train
503,2021.01.12,0.5154373395205842,0.992530345471522,0.9087837837837837,0.9677113010446344,train
504,2021.01.13,0.36859659468212475,0.9757236227824464,0.9054054054054054,0.9924026590693259,train
505,2021.01.14,0.2559665845421528,0.9757236227824464,0.8851351351351352,0.9848053181386515,train
506,2021.01.15,0.3378975275404511,0.9439775910364145,0.9155405405405405,0.9715099715099716,train
507,2021.01.18,0.45193923150742665,0.8879551820728291,0.8395270270270271,0.8974358974358975,train
508,2021.01.19,0.4131392229486021,0.9253034547152195,0.8513513513513512,0.8879392212725546,train
509,2021.01.20,0.24219652779477108,0.9290382819794585,0.8682432432432433,0.9430199430199432,train
510,2021.01.21,0.24344081697379755,0.945845004668534,0.8614864864864865,0.9430199430199432,train
511,2021.01.22,0.30797717140766795,0.9215686274509804,0.8800675675675674,0.9487179487179488,train
512,2021.01.25,0.26603139901181894,0.9701213818860877,0.8834459459459459,0.939221272554606,train
513,2021.01.26,0.33495370865672713,0.9197012138188609,0.8716216216216216,0.9430199430199432,train
514,2021.01.27,0.2563053519452222,0.8991596638655461,0.8462837837837837,0.9259259259259259,train
515,2021.01.28,0.3195970912383038,0.8636788048552755,0.8108108108108109,0.8803418803418804,train
516,2021.01.29,0.4098904784776412,0.8319327731092436,0.8006756756756755,0.8575498575498576,train
517,2021.02.01,0.27520836348964695,0.8506069094304389,0.7736486486486486,0.8385565052231719,train
518,2021.02.02,0.25489681296241895,0.876750700280112,0.8243243243243242,0.8898385565052233,train
519,2021.02.03,0.20612045362794623,0.880485527544351,0.8074324324324323,0.8841405508072177,train
520,2021.02.04,0.23009590749652215,0.8412698412698412,0.7804054054054054,0.8594491927825262,train
521,2021.02.05,0.1586770683548568,0.8599439775910365,0.7837837837837837,0.8670465337132004,train
522,2021.02.08,0.12726750934456704,0.8506069094304389,0.7871621621621622,0.8765432098765432,train
523,2021.02.09,0.19198916139887234,0.8450046685340802,0.7972972972972973,0.8708452041785376,train
524,2021.02.10,0.21675566625734405,0.8244631185807656,0.7601351351351352,0.8499525166191834,train
525,2021.02.15,0.22262227949111685,0.873015873015873,0.7922297297297297,0.882241215574549,train
526,2021.02.16,0.18715524159435998,0.8860877684407096,0.8175675675675674,0.8993352326685661,train
527,2021.02.17,0.161830748406111,0.854341736694678,0.7871621621621622,0.8765432098765432,train
528,2021.02.18,0.1969874474220767,0.8338001867413631,0.7770270270270271,0.8594491927825262,train
529,2021.02.19,0.2499934400195316,0.8431372549019607,0.7635135135135135,0.8385565052231719,train
530,2021.02.22,0.24462679392182823,0.8356676003734826,0.7871621621621622,0.8613485280151948,train
531,2021.02.23,0.18836844799104296,0.8319327731092436,0.7652027027027027,0.8404558404558405,train
532,2021.02.24,0.2607824483933263,0.8319327731092436,0.7770270270270271,0.8442545109211778,train
533,2021.02.25,0.34632802794088346,0.8935574229691876,0.8074324324324323,0.8765432098765432,train
534,2021.02.26,0.3971409730838704,0.8412698412698412,0.7736486486486486,0.8575498575498576,train
535,2021.03.02,0.3386701849737541,0.861811391223156,0.8057432432432433,0.8765432098765432,train
536,2021.03.03,0.1801590777219268,0.869281045751634,0.7837837837837837,0.8727445394112062,train
537,2021.03.04,0.23215229548210242,0.8394024276377217,0.7702702702702703,0.8613485280151948,train
538,2021.03.05,0.18745641862132933,0.8338001867413631,0.7601351351351352,0.8404558404558405,train
539,2021.03.08,0.15407193878307718,0.8319327731092436,0.7668918918918918,0.8499525166191834,train
540,2021.03.09,0.24463701515137792,0.8207282913165266,0.7483108108108109,0.8309591642924977,train
541,2021.03.10,0.18197852643071427,0.811391223155929,0.7584459459459459,0.8328584995251663,train
542,2021.03.11,0.22598190916875255,0.8319327731092436,0.7584459459459459,0.8385565052231719,train
543,2021.03.12,0.10621745752013927,0.8468720821661999,0.7753378378378378,0.8651471984805318,train
544,2021.03.15,0.10860658261618449,0.8281979458450046,0.7652027027027027,0.8537511870845206,train
545,2021.03.16,0.09181651342311702,0.8468720821661999,0.7668918918918918,0.8594491927825262,train
546,2021.03.17,0.08403544526830763,0.8375350140056022,0.7652027027027027,0.8575498575498576,train
547,2021.03.18,0.16506136707478397,0.8487394957983194,0.7804054054054054,0.868945868945869,train
548,2021.03.19,0.1334483846417714,0.8300653594771241,0.7584459459459459,0.8537511870845206,train
549,2021.03.22,0.09620499483781343,0.8319327731092436,0.7550675675675674,0.851851851851852,train
550,2021.03.23,0.10353216123847588,0.8281979458450046,0.7652027027027027,0.8537511870845206,train
551,2021.03.24,0.1573942109144431,0.8132586367880486,0.7432432432432433,0.8328584995251663,train
552,2021.03.25,0.12051615439719042,0.8169934640522876,0.7516891891891891,0.8347578347578349,train
553,2021.03.26,0.09824542233852744,0.8225957049486461,0.7432432432432433,0.8385565052231719,train
554,2021.03.29,0.12276654783885839,0.8244631185807656,0.7449324324324323,0.8385565052231719,train
555,2021.03.30,0.10145754267718403,0.8356676003734826,0.7550675675675674,0.8442545109211778,train
556,2021.03.31,0.14940675075657472,0.8207282913165266,0.7618243243243242,0.8461538461538461,train
557,2021.04.01,0.16612326900625413,0.8487394957983194,0.7668918918918918,0.8575498575498576,train
558,2021.04.02,0.21642705023487524,0.8842203548085901,0.8040540540540541,0.8936372269705605,train
559,2021.04.05,0.1379453763988736,0.8954248366013071,0.8175675675675674,0.9107312440645775,train
560,2021.04.06,0.1703789559272456,0.9066293183940242,0.8209459459459459,0.9164292497625831,train
561,2021.04.07,0.15691574561320076,0.8991596638655461,0.8209459459459459,0.9221272554605889,train
562,2021.04.08,0.17273328460515425,0.8823529411764706,0.8124999999999999,0.8974358974358975,train
563,2021.04.09,0.16050329241170563,0.861811391223156,0.7989864864864865,0.8841405508072177,train
564,2021.04.12,0.09905455256474514,0.854341736694678,0.7854729729729729,0.8784425451092118,train
565,2021.04.13,0.12609685259936926,0.869281045751634,0.7922297297297297,0.8727445394112062,train
566,2021.04.14,0.10929173095777368,0.869281045751634,0.7888513513513512,0.8841405508072177,train
567,2021.04.15,0.13935890958153657,0.8711484593837535,0.7922297297297297,0.8841405508072177,train
568,2021.04.16,0.12832405618994053,0.8674136321195145,0.795608108108108,0.8879392212725546,train
569,2021.04.19,0.12666850804018448,0.8562091503267975,0.7837837837837837,0.882241215574549,train
570,2021.04.20,0.12940023059000733,0.8674136321195145,0.7837837837837837,0.8784425451092118,train
571,2021.04.21,0.2005776368391553,0.8431372549019607,0.7753378378378378,0.8670465337132004,train
572,2021.04.22,0.11092263406999371,0.8394024276377217,0.7668918918918918,0.8651471984805318,train
573,2021.04.23,0.1559790944889342,0.8468720821661999,0.7652027027027027,0.8499525166191834,train
574,2021.04.26,0.12902738854127527,0.8599439775910365,0.7753378378378378,0.868945868945869,train
575,2021.04.27,0.09936015335848998,0.8487394957983194,0.7719594594594593,0.8670465337132004,train
576,2021.04.28,0.13027094430633623,0.8338001867413631,0.7702702702702703,0.8594491927825262,train
577,2021.04.29,0.18154256421499104,0.8263305322128851,0.7584459459459459,0.8480531813865148,train
578,2021.04.30,0.16608527117795108,0.8225957049486461,0.7516891891891891,0.8480531813865148,train
579,2021.05.03,0.13159314998806865,0.8263305322128851,0.7567567567567567,0.8385565052231719,train
580,2021.05.04,0.0945989812344512,0.8431372549019607,0.7601351351351352,0.8537511870845206,train
581,2021.05.06,0.14715986140385257,0.8375350140056022,0.7550675675675674,0.851851851851852,train
582,2021.05.07,0.11348534544601034,0.8300653594771241,0.7516891891891891,0.8480531813865148,train
583,2021.05.10,0.174372034082655,0.854341736694678,0.7753378378378378,0.8537511870845206,train
584,2021.05.11,0.28626601092162823,0.8169934640522876,0.7601351351351352,0.8404558404558405,train
585,2021.05.12,0.3656096207893569,0.7945845004668535,0.7364864864864865,0.8157644824311491,train
586,2021.05.13,0.3152930921275275,0.7665732959850606,0.7094594594594593,0.7891737891737892,train
587,2021.05.14,0.14021465233977798,0.796451914098973,0.7212837837837837,0.798670465337132,train
588,2021.05.17,0.15523141969642112,0.7871148459383754,0.731418918918919,0.8043684710351379,train
589,2021.05.18,0.15236239739567725,0.7871148459383754,0.7162162162162161,0.8024691358024693,train
590,2021.05.20,0.14127295705037013,0.7852474323062559,0.7111486486486486,0.8024691358024693,train
591,2021.05.21,0.19272702241403883,0.796451914098973,0.7415540540540541,0.8157644824311491,train
592,2021.05.24,0.1046818632989477,0.788982259570495,0.7229729729729729,0.8100664767331435,train
593,2021.05.25,0.10736261939892046,0.792717086834734,0.7229729729729729,0.8157644824311491,train
594,2021.05.26,0.08821722035967412,0.7908496732026145,0.7246621621621622,0.8138651471984807,train
595,2021.05.27,0.21876666406750966,0.7871148459383754,0.7162162162162161,0.8024691358024693,train
596,2021.05.28,0.09259255853045074,0.796451914098973,0.7229729729729729,0.8081671415004749,train
597,2021.05.31,0.10378148706224004,0.803921568627451,0.7263513513513512,0.8119658119658121,train
598,2021.06.01,0.11236216270320835,0.8057889822595705,0.7381756756756755,0.8214624881291549,train
599,2021.06.02,0.13979234559360115,0.8095238095238095,0.7398648648648648,0.8252611585944919,train
600,2021.06.03,0.29266099653076566,0.8468720821661999,0.7668918918918918,0.8404558404558405,train
601,2021.06.04,0.1595551162108398,0.8356676003734826,0.7618243243243242,0.8480531813865148,train
602,2021.06.07,0.140741744151076,0.8300653594771241,0.7635135135135135,0.8499525166191834,train
603,2021.06.08,0.09749394077828911,0.8300653594771241,0.7601351351351352,0.8537511870845206,train
604,2021.06.09,0.12226234319987768,0.8151260504201681,0.7499999999999999,0.8404558404558405,train
605,2021.06.10,0.15344025981201365,0.8132586367880486,0.7398648648648648,0.8366571699905033,train
606,2021.06.11,0.11270629683386589,0.8132586367880486,0.7449324324324323,0.8328584995251663,train
607,2021.06.14,0.07152005026889167,0.803921568627451,0.731418918918919,0.8290598290598291,train
608,2021.06.15,0.0659974081848952,0.811391223155929,0.7364864864864865,0.8309591642924977,train
609,2021.06.16,0.12332209145541763,0.8281979458450046,0.7483108108108109,0.8404558404558405,train
610,2021.06.17,0.11176826037210909,0.811391223155929,0.7381756756756755,0.8328584995251663,train
611,2021.06.18,0.1223542876998585,0.803921568627451,0.7347972972972973,0.8290598290598291,train
612,2021.06.21,0.13570264305862217,0.792717086834734,0.7162162162162161,0.8119658119658121,train
613,2021.06.22,0.08576093549908227,0.7945845004668535,0.7212837837837837,0.8176638176638177,train
614,2021.06.23,0.11001229271654973,0.796451914098973,0.7263513513513512,0.8176638176638177,train
615,2021.06.24,0.16722477529185625,0.8169934640522876,0.7398648648648648,0.8214624881291549,train
616,2021.06.25,0.10564506866535865,0.8244631185807656,0.7483108108108109,0.8423551756885092,train
617,2021.06.28,0.08349275385838027,0.8300653594771241,0.7499999999999999,0.8499525166191834,train
618,2021.06.29,0.13198873951121987,0.8132586367880486,0.7516891891891891,0.8347578347578349,train
619,2021.06.30,0.10340103147805756,0.80765639589169,0.7398648648648648,0.8328584995251663,train
620,2021.07.01,0.10449811399688423,0.796451914098973,0.7263513513513512,0.8195631528964863,train
621,2021.07.02,0.05060051120583198,0.7945845004668535,0.7229729729729729,0.8176638176638177,train
622,2021.07.05,0.04568631167583624,0.8020541549953315,0.7297297297297297,0.8195631528964863,train
623,2021.07.06,0.0899319189278149,0.8169934640522876,0.7364864864864865,0.8290598290598291,train
624,2021.07.07,0.1348744906352699,0.8095238095238095,0.7381756756756755,0.8252611585944919,train
625,2021.07.08,0.14266027359414263,0.792717086834734,0.7364864864864865,0.8176638176638177,train
626,2021.07.09,0.21320281110355216,0.7833800186741364,0.7128378378378378,0.8005698005698006,train
627,2021.07.12,0.062416753149366885,0.788982259570495,0.7162162162162161,0.8100664767331435,train
628,2021.07.13,0.06352667623333395,0.7908496732026145,0.7195945945945946,0.8157644824311491,train
629,2021.07.14,0.08345907502342907,0.7852474323062559,0.7094594594594593,0.8024691358024693,train
630,2021.07.15,0.10896142691903528,0.8057889822595705,0.7263513513513512,0.8100664767331435,train
631,2021.07.16,0.07512100806562112,0.7908496732026145,0.7179054054054054,0.8100664767331435,train
632,2021.07.19,0.10185004720508394,0.7759103641456582,0.7027027027027027,0.7967711301044634,train
633,2021.07.20,0.09371534546254125,0.7759103641456582,0.6993243243243242,0.7891737891737892,train
634,2021.07.21,0.09253548029755558,0.7665732959850606,0.7010135135135135,0.7910731244064578,train
635,2021.07.22,0.09560294346265409,0.788982259570495,0.7128378378378378,0.798670465337132,train
636,2021.07.23,0.05462629031090535,0.7815126050420167,0.7145270270270271,0.8043684710351379,train
637,2021.07.26,0.06559333201442996,0.7721755368814192,0.7077702702702703,0.7967711301044634,train
638,2021.07.27,0.08173679784431241,0.7665732959850606,0.706081081081081,0.7910731244064578,train
639,2021.07.28,0.09705378762562071,0.7796451914098972,0.7027027027027027,0.7834757834757836,train
640,2021.07.29,0.11587849849811953,0.7759103641456582,0.706081081081081,0.7967711301044634,train
641,2021.07.30,0.10962652861223667,0.7665732959850606,0.6976351351351352,0.7910731244064578,train
642,2021.08.02,0.08536231918813729,0.7815126050420167,0.7077702702702703,0.794871794871795,train
643,2021.08.03,0.23204785966172664,0.8207282913165266,0.7398648648648648,0.8062678062678063,train
644,2021.08.04,0.2472168162369377,0.8487394957983194,0.768581081081081,0.8537511870845206,train
645,2021.08.05,0.16389983725893353,0.8338001867413631,0.7719594594594593,0.8575498575498576,train
646,2021.08.06,0.1040294391900055,0.8225957049486461,0.7584459459459459,0.8442545109211778,train
647,2021.08.09,0.12940740174878018,0.8225957049486461,0.7550675675675674,0.8366571699905033,train
648,2021.08.10,0.1857528958850424,0.7983193277310925,0.7567567567567567,0.8214624881291549,train
649,2021.08.11,0.30075334652717894,0.7665732959850606,0.7128378378378378,0.7910731244064578,train
650,2021.08.12,0.44189579081618097,0.738562091503268,0.6858108108108109,0.7606837606837608,train
651,2021.08.13,0.6619830773225771,0.6900093370681606,0.6486486486486486,0.7075023741690408,train
652,2021.08.17,0.30894558052078586,0.6862745098039216,0.6334459459459459,0.7056030389363724,train
653,2021.08.18,0.2885471728253688,0.680672268907563,0.6249999999999999,0.6885090218423552,train
654,2021.08.19,0.20675017682843533,0.665732959850607,0.6216216216216216,0.6885090218423552,test
655,2021.08.20,0.20906107110150368,0.658263305322129,0.6131756756756755,0.6771130104463438,train
656,2021.08.23,0.17436762195737104,0.669467787114846,0.6148648648648648,0.6866096866096866,train
657,2021.08.24,0.19336962110414285,0.7124183006535947,0.643581081081081,0.7037037037037038,train
658,2021.08.25,0.20853558581603465,0.7142857142857142,0.6587837837837837,0.7226970560303895,train
659,2021.08.26,0.1427824626890779,0.6937441643323996,0.6520270270270271,0.7169990503323836,train
660,2021.08.27,0.1253348238478189,0.6881419234360411,0.6317567567567567,0.7018043684710352,train
661,2021.08.30,0.0963969979573606,0.6937441643323996,0.6402027027027027,0.7094017094017094,train
662,2021.08.31,0.2354356501073357,0.7329598506069095,0.6604729729729729,0.711301044634378,train
663,2021.09.01,0.13630142317466593,0.734827264239029,0.6672297297297297,0.7416904083570751,train
664,2021.09.02,0.12736903479206424,0.7198879551820727,0.6621621621621622,0.7378917378917379,train
665,2021.09.03,0.08952176589877915,0.73109243697479,0.6604729729729729,0.7435897435897437,train
666,2021.09.06,0.09842472459083242,0.7441643323996265,0.6756756756756755,0.7549857549857552,train
667,2021.09.07,0.10282778115290488,0.7217553688141924,0.6672297297297297,0.7416904083570751,train
668,2021.09.08,0.08604943494179242,0.7254901960784315,0.6554054054054054,0.7359924026590693,train
669,2021.09.09,0.1536006213576247,0.7068160597572362,0.6587837837837837,0.7245963912630581,train
670,2021.09.10,0.06631786352181242,0.7068160597572362,0.6418918918918918,0.7207977207977209,train
671,2021.09.13,0.08138850770118423,0.7254901960784315,0.6537162162162161,0.7264957264957265,train
672,2021.09.14,0.16019304666284656,0.73109243697479,0.6773648648648648,0.7549857549857552,train
673,2021.09.15,0.09805159150481248,0.738562091503268,0.6722972972972973,0.7511870845204179,train
674,2021.09.16,0.10082801738205067,0.7217553688141924,0.6722972972972973,0.7454890788224123,train
675,2021.09.17,0.1383355060625046,0.742296918767507,0.668918918918919,0.7416904083570751,train
676,2021.09.23,0.14725391301379753,0.746031746031746,0.6756756756756755,0.7587844254510921,train
677,2021.09.24,0.09127794310118577,0.7441643323996265,0.6773648648648648,0.764482431149098,train
678,2021.09.27,0.08490450589284153,0.7516339869281046,0.6773648648648648,0.7625830959164294,train
679,2021.09.28,0.128054672076297,0.7254901960784315,0.6790540540540541,0.7473884140550807,train
680,2021.09.29,0.22800940297239408,0.6844070961718021,0.6368243243243242,0.7018043684710352,train
681,2021.09.30,0.18059247880951684,0.6844070961718021,0.6283783783783784,0.6999050332383666,train
682,2021.10.01,0.1326764955469083,0.6676003734827265,0.6148648648648648,0.6847103513770182,train
683,2021.10.05,0.2282592643047679,0.6489262371615312,0.5979729729729729,0.6562203228869897,train
684,2021.10.06,0.16938871901753821,0.6321195144724556,0.5945945945945946,0.6524216524216525,train
685,2021.10.07,0.10799812842069222,0.6377217553688141,0.5827702702702703,0.6543209876543211,train
686,2021.10.08,0.11218621320045953,0.6358543417366946,0.5878378378378378,0.6581196581196581,train
687,2021.10.12,0.3096049196756876,0.5891690009337067,0.5624999999999999,0.6049382716049384,train
688,2021.10.13,0.23009971426424736,0.5854341736694677,0.5405405405405405,0.597340930674264,train
689,2021.10.14,0.1759507833128905,0.596638655462185,0.543918918918919,0.6068376068376068,train
690,2021.10.15,0.15884909467496527,0.6097105508870215,0.5641891891891891,0.6296296296296297,train
691,2021.10.18,0.10570311314204951,0.611577964519141,0.5523648648648648,0.6144349477682812,train
692,2021.10.19,0.059388603301112564,0.6190476190476191,0.5641891891891891,0.6372269705603039,train
693,2021.10.20,0.06688161438988934,0.6134453781512605,0.5641891891891891,0.6334283000949669,train
694,2021.10.21,0.07548998513917042,0.611577964519141,0.5574324324324323,0.6296296296296297,train
695,2021.10.22,0.04643694340719402,0.61531279178338,0.5591216216216216,0.6296296296296297,train
696,2021.10.25,0.06546115451977533,0.611577964519141,0.5574324324324323,0.6201329534662868,train
697,2021.10.26,0.07126596307509812,0.6283846872082166,0.5726351351351352,0.6372269705603039,train
698,2021.10.27,0.06855424060769703,0.6097105508870215,0.5641891891891891,0.6296296296296297,train
699,2021.10.28,0.18903885820437488,0.6209150326797386,0.5844594594594593,0.6201329534662868,train
700,2021.10.29,0.14679478422996062,0.604108309990663,0.5743243243243242,0.623931623931624,train
701,2021.11.01,0.08262197029310227,0.6059757236227825,0.5574324324324323,0.627730294396961,train
702,2021.11.02,0.14442479774596512,0.6358543417366946,0.5844594594594593,0.6429249762583097,train
703,2021.11.03,0.09736823595291651,0.61531279178338,0.5760135135135135,0.6315289648622983,train
704,2021.11.04,0.08629204362495278,0.6190476190476191,0.5743243243243242,0.6391263057929725,train
705,2021.11.05,0.0961728293967591,0.611577964519141,0.5743243243243242,0.6334283000949669,train
706,2021.11.08,0.07817785419045849,0.6190476190476191,0.5574324324324323,0.6258309591642927,train
707,2021.11.09,0.07861566740333249,0.6171802054154996,0.5641891891891891,0.6315289648622983,train
708,2021.11.10,0.058387644577720374,0.611577964519141,0.5624999999999999,0.6334283000949669,train
709,2021.11.11,0.08245192302655123,0.6059757236227825,0.5472972972972973,0.6220322886989554,train
710,2021.11.12,0.06613437033256225,0.6190476190476191,0.5624999999999999,0.627730294396961,train
711,2021.11.15,0.09329699682347935,0.6339869281045751,0.5793918918918918,0.6467236467236467,train
712,2021.11.16,0.07581763491784356,0.6321195144724556,0.581081081081081,0.6543209876543211,train
713,2021.11.17,0.07707918842878585,0.6209150326797386,0.5743243243243242,0.6410256410256411,train
714,2021.11.18,0.06680383758508156,0.611577964519141,0.5641891891891891,0.6334283000949669,train
715,2021.11.19,0.08787227132461058,0.6302521008403361,0.5709459459459459,0.6315289648622983,train
716,2021.11.22,0.26891952500013794,0.6993464052287581,0.6351351351351352,0.6866096866096866,train
717,2021.11.23,0.20515409341733493,0.7068160597572362,0.6486486486486486,0.7150997150997153,train
718,2021.11.24,0.13091758259399577,0.6974789915966386,0.6520270270270271,0.7075023741690408,train
719,2021.11.25,0.09490990218981811,0.676937441643324,0.6334459459459459,0.698005698005698,train
720,2021.11.26,0.10006689666683842,0.6507936507936507,0.6165540540540541,0.6676163342830009,train
721,2021.11.29,0.14291127579268487,0.6507936507936507,0.5979729729729729,0.6562203228869897,train
722,2021.11.30,0.30219344559347777,0.6321195144724556,0.6131756756756755,0.6391263057929725,train
723,2021.12.01,0.204288676579645,0.6900093370681606,0.6283783783783784,0.6600189933523267,train
724,2021.12.02,0.2240569070564039,0.7161531279178337,0.6452702702702703,0.7018043684710352,train
725,2021.12.03,0.16209274017264286,0.7124183006535947,0.6486486486486486,0.7075023741690408,train
726,2021.12.06,0.13952000454111302,0.7254901960784315,0.6604729729729729,0.7226970560303895,train
727,2021.12.07,0.17259584515633508,0.746031746031746,0.6773648648648648,0.7359924026590693,train
728,2021.12.08,0.1996726389303164,0.746031746031746,0.6925675675675674,0.764482431149098,train
729,2021.12.09,0.20021033614038408,0.7609710550887021,0.6858108108108109,0.7625830959164294,train
730,2021.12.10,0.055281811056590385,0.7366946778711485,0.6756756756756755,0.7587844254510921,train
731,2021.12.13,0.12377488726787068,0.734827264239029,0.6874999999999999,0.7530864197530865,train
732,2021.12.14,0.07648610100209262,0.738562091503268,0.668918918918919,0.7473884140550807,train
733,2021.12.15,0.06028439279016354,0.7497665732959851,0.6756756756756755,0.7492877492877493,train
734,2021.12.16,0.08835422907330724,0.7535014005602241,0.6908783783783784,0.7701804368471036,train
735,2021.12.17,0.101303653800855,0.7572362278244631,0.6824324324324323,0.7587844254510921,train
736,2021.12.20,0.07983553273316167,0.7404295051353875,0.6790540540540541,0.7587844254510921,train
737,2021.12.21,0.1145379225427774,0.7591036414565826,0.6874999999999999,0.7720797720797722,train
738,2021.12.22,0.1478395033199555,0.7833800186741364,0.706081081081081,0.7967711301044634,train
739,2021.12.23,0.10676373450945305,0.792717086834734,0.7162162162162161,0.8062678062678063,train
740,2021.12.24,0.08940489696546595,0.803921568627451,0.7297297297297297,0.8233618233618235,train
741,2021.12.27,0.07423589382428887,0.7983193277310925,0.7263513513513512,0.8157644824311491,train
742,2021.12.28,0.16088301458192272,0.800186741363212,0.7229729729729729,0.8138651471984807,train
743,2021.12.29,0.1791423447775326,0.7721755368814192,0.7195945945945946,0.7910731244064578,train
744,2021.12.30,0.11443782899873652,0.7628384687208216,0.7077702702702703,0.7834757834757836,train
745,2022.01.03,0.10588612903014759,0.7684407096171801,0.7128378378378378,0.7853751187084522,train
746,2022.01.04,0.09337506466557498,0.7703081232492996,0.7027027027027027,0.7872744539411206,train
747,2022.01.05,0.2452176461821507,0.746031746031746,0.6993243243243242,0.7511870845204179,train
748,2022.01.06,0.09924863951127343,0.7366946778711485,0.6756756756756755,0.7549857549857552,train
749,2022.01.07,0.12523015519761282,0.7628384687208216,0.6891891891891891,0.7701804368471036,train
750,2022.01.10,0.06450423555878217,0.7572362278244631,0.6841216216216216,0.764482431149098,train
751,2022.01.11,0.10261499797100444,0.7740429505135387,0.6993243243243242,0.781576448243115,train
752,2022.01.12,0.07676365744277923,0.7740429505135387,0.7094594594594593,0.7929724596391264,train
753,2022.01.13,0.1103947506372727,0.7553688141923436,0.7043918918918918,0.7796771130104464,train
754,2022.01.14,0.06624234516635844,0.7441643323996265,0.6841216216216216,0.764482431149098,test
755,2022.01.17,0.05097332997158102,0.7478991596638656,0.6790540540540541,0.7606837606837608,train
756,2022.01.18,0.060375766857060156,0.738562091503268,0.6790540540540541,0.7549857549857552,train
757,2022.01.19,0.07208130985778452,0.7254901960784315,0.6638513513513512,0.7454890788224123,train
758,2022.01.20,0.06171896214799302,0.7292250233426705,0.6604729729729729,0.7416904083570751,train
759,2022.01.21,0.13234463154830695,0.7124183006535947,0.6452702702702703,0.7188983855650523,test
760,2022.01.24,0.10808662703918477,0.7030812324929971,0.6452702702702703,0.7188983855650523,train
761,2022.01.25,0.15553234061057714,0.6825396825396826,0.6317567567567567,0.6904083570750238,train
762,2022.01.26,0.09976989893532275,0.669467787114846,0.6216216216216216,0.6885090218423552,train
763,2022.01.27,0.20801303418642725,0.6321195144724556,0.6148648648648648,0.6543209876543211,train
764,2022.01.28,0.19745035969065577,0.669467787114846,0.6097972972972973,0.6524216524216525,train
765,2022.02.03,0.1552764257026158,0.669467787114846,0.6300675675675674,0.6923076923076924,train
766,2022.02.04,0.09689798954468333,0.6825396825396826,0.6249999999999999,0.694207027540361,train
767,2022.02.07,0.11448600149062314,0.6638655462184875,0.608108108108108,0.6752136752136754,train
768,2022.02.08,0.08533370440199485,0.673202614379085,0.6182432432432431,0.6866096866096866,train
769,2022.02.09,0.061613653215753655,0.6956115779645191,0.6266891891891891,0.7056030389363724,train
770,2022.02.10,0.15529169933948272,0.7086834733893557,0.6452702702702703,0.7188983855650523,train
771,2022.02.11,0.09079054877595187,0.6993464052287581,0.6402027027027027,0.7169990503323836,train
772,2022.02.14,0.11160376609701046,0.676937441643324,0.6233108108108109,0.6885090218423552,train
773,2022.02.15,0.05720435681422949,0.676937441643324,0.6182432432432431,0.6885090218423552,train
774,2022.02.16,0.07404983950690554,0.6974789915966386,0.6300675675675674,0.7094017094017094,train
775,2022.02.17,0.1070883458588409,0.7012138188608776,0.6418918918918918,0.7150997150997153,train
776,2022.02.18,0.06653921484146745,0.6881419234360411,0.6283783783783784,0.6999050332383666,train
777,2022.02.21,0.07081735819959026,0.6862745098039216,0.6199324324324323,0.6790123456790124,train
778,2022.02.22,0.0848191854015324,0.6713352007469655,0.6047297297297297,0.6828110161443496,train
779,2022.02.23,0.06974921642866841,0.6638655462184875,0.6114864864864865,0.6828110161443496,train
780,2022.02.24,0.13216296607322459,0.6358543417366946,0.5861486486486486,0.6543209876543211,train
781,2022.02.25,0.10200220149917731,0.6433239962651727,0.5912162162162161,0.6657169990503325,train
782,2022.02.28,0.15570788266112295,0.6470588235294117,0.5827702702702703,0.6486229819563153,train
783,2022.03.02,0.09400386818823443,0.6395891690009337,0.5878378378378378,0.6581196581196581,train
784,2022.03.03,0.1027490497457929,0.661998132586368,0.5996621621621622,0.6714150047483382,train
785,2022.03.04,0.10480954717787778,0.6358543417366946,0.5929054054054054,0.6524216524216525,train
786,2022.03.07,0.16543266080514463,0.6097105508870215,0.5574324324324323,0.627730294396961,train
787,2022.03.08,0.1329660660068378,0.5985060690943045,0.5472972972972973,0.6049382716049384,train
788,2022.03.10,0.1950266127988467,0.6302521008403361,0.5675675675675674,0.6391263057929725,train
789,2022.03.11,0.13249325847047144,0.607843137254902,0.5591216216216216,0.623931623931624,train
790,2022.03.14,0.05395205004686515,0.611577964519141,0.5506756756756755,0.6220322886989554,train
791,2022.03.15,0.06812636922857633,0.5985060690943045,0.5489864864864865,0.6201329534662868,train
792,2022.03.16,0.06716231403328485,0.61531279178338,0.5557432432432431,0.623931623931624,train
793,2022.03.17,0.15413083308864856,0.6302521008403361,0.5777027027027027,0.6467236467236467,train
794,2022.03.18,0.11645574185486167,0.6209150326797386,0.5624999999999999,0.6334283000949669,train
795,2022.03.21,0.07872524876295765,0.6059757236227825,0.5641891891891891,0.627730294396961,train
796,2022.03.22,0.0581624632073571,0.6134453781512605,0.5557432432432431,0.627730294396961,train
797,2022.03.23,0.09303290958847492,0.6171802054154996,0.5675675675675674,0.6353276353276355,train
798,2022.03.24,0.3904186752993138,0.604108309990663,0.5523648648648648,0.6220322886989554,train
799,2022.03.25,0.09987793197657648,0.604108309990663,0.5506756756756755,0.6220322886989554,train
800,2022.03.28,0.09560875256691977,0.6022408963585435,0.545608108108108,0.6144349477682812,train
801,2022.03.29,0.10802928105198477,0.611577964519141,0.5523648648648648,0.6258309591642927,train
802,2022.03.30,0.09620128120202033,0.6059757236227825,0.5557432432432431,0.6258309591642927,train
803,2022.03.31,0.09434072638669548,0.600373482726424,0.5506756756756755,0.6220322886989554,train
804,2022.04.01,0.13399723440070987,0.5910364145658262,0.5388513513513512,0.610636277302944,train
805,2022.04.04,0.07801398855590162,0.5947712418300655,0.5354729729729729,0.6030389363722698,train
806,2022.04.05,0.04727280249792881,0.5929038281979457,0.5405405405405405,0.6125356125356126,train
807,2022.04.06,0.1293460161640247,0.5798319327731092,0.5270270270270271,0.6011396011396012,train
808,2022.04.07,0.18948618251581617,0.5704948646125116,0.5219594594594593,0.5916429249762584,train
809,2022.04.08,0.12859959865259513,0.5667600373482726,0.518581081081081,0.5859449192782528,train
810,2022.04.11,0.0914695736930045,0.5686274509803921,0.5152027027027027,0.5802469135802469,train
811,2022.04.12,0.11080206314237896,0.5518207282913166,0.5084459459459459,0.5726495726495727,train
812,2022.04.13,0.15101445237620653,0.5835667600373482,0.5304054054054054,0.5764482431149099,train
813,2022.04.14,0.13973239191230197,0.5611577964519141,0.5253378378378378,0.5821462488129155,train
814,2022.04.15,0.10209453016837812,0.5443510737628385,0.5016891891891891,0.5631528964862299,train
815,2022.04.18,0.06650402261261938,0.546218487394958,0.49831081081081086,0.5555555555555557,train
816,2022.04.19,0.09956854769808947,0.5574229691876751,0.5135135135135135,0.5726495726495727,train
817,2022.04.20,0.1430362355626006,0.5592903828197946,0.5033783783783784,0.5631528964862299,train
818,2022.04.21,0.0982648636293565,0.5648926237161531,0.518581081081081,0.5821462488129155,train
819,2022.04.22,0.0859717978348828,0.5518207282913166,0.5016891891891891,0.5669515669515669,train
820,2022.04.25,0.07694959534524741,0.53874883286648,0.49155405405405406,0.5593542260208927,train
821,2022.04.26,0.09942290099775265,0.535014005602241,0.49155405405405406,0.5555555555555557,train
822,2022.04.27,0.15966949386496887,0.5144724556489262,0.47128378378378366,0.5327635327635328,train
823,2022.04.28,0.14539054095752618,0.5107376283846872,0.47128378378378366,0.5251661918328586,train
824,2022.04.29,0.2535966096996488,0.5592903828197946,0.5067567567567567,0.5346628679962014,train
825,2022.05.02,0.1129184280922415,0.5574229691876751,0.5067567567567567,0.5631528964862299,train
826,2022.05.03,0.11364824483677151,0.5611577964519141,0.5202702702702703,0.5783475783475783,train
827,2022.05.04,0.08263965371871264,0.5686274509803921,0.5202702702702703,0.5821462488129155,train
828,2022.05.06,0.1158284750090821,0.542483660130719,0.49831081081081086,0.5631528964862299,train
829,2022.05.09,0.08675478127115914,0.535014005602241,0.49493243243243235,0.5555555555555557,train
830,2022.05.10,0.14934955610876438,0.5275443510737627,0.48479729729729726,0.540360873694207,train
831,2022.05.11,0.09225170730040029,0.5275443510737627,0.48479729729729726,0.5384615384615384,train
832,2022.05.12,0.13978703707347057,0.5126050420168067,0.47128378378378366,0.5327635327635328,train
833,2022.05.13,0.11810298962116793,0.542483660130719,0.49155405405405406,0.5384615384615384,train
834,2022.05.16,0.08767235199083358,0.53874883286648,0.5033783783783784,0.5555555555555557,train
835,2022.05.17,0.13124519744819435,0.5630252100840336,0.5118243243243242,0.5650522317188985,train
836,2022.05.18,0.14062674949789666,0.5723622782446312,0.5253378378378378,0.5840455840455842,train
837,2022.05.19,0.1474650547453944,0.5611577964519141,0.5067567567567567,0.5631528964862299,train
838,2022.05.20,0.08967603894432814,0.5704948646125116,0.5202702702702703,0.5859449192782528,train
839,2022.05.23,0.10800460108997421,0.5686274509803921,0.5270270270270271,0.5840455840455842,train
840,2022.05.24,0.12894168388074612,0.542483660130719,0.5084459459459459,0.5631528964862299,train
841,2022.05.25,0.1250757075296911,0.5406162464985995,0.49831081081081086,0.5517568850902185,train
842,2022.05.26,0.13462638716811476,0.531279178338002,0.4999999999999999,0.5441595441595443,train
843,2022.05.27,0.08147907850516638,0.542483660130719,0.49493243243243235,0.5574548907882241,train
844,2022.05.30,0.11465650277534321,0.5648926237161531,0.5101351351351352,0.5707502374169041,train
845,2022.05.31,0.2323463707871392,0.5592903828197946,0.5050675675675674,0.5669515669515669,train
846,2022.06.02,0.12285163550033722,0.546218487394958,0.4966216216216216,0.5612535612535613,train
847,2022.06.03,0.0444280294240095,0.5480859010270775,0.5016891891891891,0.5688509021842355,train
848,2022.06.07,0.1740312643430451,0.5238095238095237,0.4864864864864865,0.5422602089268757,train
849,2022.06.08,0.09402424079838466,0.5200746965452847,0.47466216216216217,0.540360873694207,train
850,2022.06.09,0.2489439129935413,0.5182072829131652,0.4662162162162161,0.5251661918328586,train
851,2022.06.10,0.20706745403816912,0.4920634920634921,0.45270270270270274,0.5118708452041786,train
852,2022.06.13,0.20665143369741013,0.46031746031746024,0.42567567567567555,0.4795821462488129,train
853,2022.06.14,0.235156824744074,0.4565826330532212,0.41554054054054046,0.46058879392212726,train
854,2022.06.15,0.2608240434425073,0.4341736694677871,0.4037162162162161,0.4434947768281102,train
855,2022.06.16,0.22105287837856746,0.43790849673202614,0.40878378378378366,0.44919278252611583,train
856,2022.06.17,0.2869268983949014,0.41736694677871156,0.37668918918918914,0.4283000949667616,train
857,2022.06.20,0.34580788610001956,0.39682539682539675,0.37668918918918914,0.40360873694207033,train
858,2022.06.21,0.24146290428251588,0.39309056956115773,0.3648648648648648,0.40550807217473894,train
859,2022.06.22,0.2203519674574677,0.37628384687208216,0.36317567567567566,0.3941120607787275,train
860,2022.06.23,0.278605071317756,0.37254901960784315,0.3445945945945945,0.37891737891737887,train
861,2022.06.24,0.21943713248829916,0.3912231559290382,0.36317567567567566,0.3960113960113961,train
862,2022.06.27,0.15967126337167908,0.39869281045751626,0.37668918918918914,0.40740740740740755,train
863,2022.06.28,0.10633346498308037,0.4098972922502335,0.36993243243243235,0.41500474833808176,train
864,2022.06.29,0.11956518423836111,0.3837535014005602,0.3581081081081081,0.4017094017094017,train
865,2022.06.30,0.16890187184240552,0.3650793650793651,0.33783783783783783,0.3827160493827161,train
866,2022.07.01,0.23953027699322532,0.35014005602240905,0.3361486486486486,0.36182336182336183,train
867,2022.07.04,0.15600291298057273,0.3669467787114846,0.33445945945945943,0.35802469135802484,train
868,2022.07.05,0.11420312488831445,0.36881419234360413,0.3479729729729729,0.3865147198480533,train
869,2022.07.06,0.14451666075550534,0.35387488328664807,0.3327702702702702,0.37132003798670465,train
870,2022.07.07,0.1969309861882318,0.3874883286647992,0.35641891891891886,0.36942070275403605,train
871,2022.07.08,0.12727339993927334,0.39682539682539675,0.36655405405405406,0.40550807217473894,train
872,2022.07.11,0.1005370033771734,0.39869281045751626,0.3716216216216216,0.41500474833808176,train
873,2022.07.12,0.057387081665039696,0.3856209150326797,0.35641891891891886,0.40360873694207033,train
874,2022.07.13,0.0749104833330745,0.3837535014005602,0.3547297297297297,0.4017094017094017,train
875,2022.07.14,0.124103899101051,0.37441643323996265,0.3479729729729729,0.3903133903133903,train
876,2022.07.15,0.16622946269184857,0.42110177404295057,0.3783783783783784,0.40360873694207033,train
877,2022.07.18,0.19122297663485133,0.4565826330532212,0.41216216216216217,0.44919278252611583,train
878,2022.07.19,0.12621390779654668,0.43790849673202614,0.4037162162162161,0.4434947768281102,train
879,2022.07.20,0.14407168802534998,0.4304388422035481,0.4138513513513512,0.44919278252611583,train
880,2022.07.21,0.09179133287697135,0.4547152194211017,0.4104729729729729,0.45299145299145305,train
881,2022.07.22,0.06815836004725793,0.4453781512605042,0.41554054054054046,0.46248812915479587,train
882,2022.07.25,0.055729566103217706,0.44164332399626516,0.4104729729729729,0.45489078822412166,train
883,2022.07.26,0.025502782630792212,0.4528478057889822,0.4104729729729729,0.45489078822412166,train
884,2022.07.27,0.03392873120804246,0.4547152194211017,0.4104729729729729,0.46248812915479587,train
885,2022.07.28,0.07379274880830126,0.4565826330532212,0.42229729729729726,0.4700854700854701,train
886,2022.07.29,0.12440783516150929,0.4472455648926237,0.42229729729729726,0.4643874643874645,train
887,2022.08.01,0.10184308559315831,0.4453781512605042,0.4070945945945946,0.44539411206077884,train
888,2022.08.02,0.1071990913676175,0.4528478057889822,0.4104729729729729,0.45868945868945865,train
889,2022.08.03,0.06574334427408467,0.4453781512605042,0.4054054054054054,0.45868945868945865,train
890,2022.08.04,0.0549351274392912,0.4491129785247432,0.40878378378378366,0.46248812915479587,train
891,2022.08.05,0.060082773798625436,0.4491129785247432,0.4104729729729729,0.46248812915479587,train
892,2022.08.08,0.08040334648177712,0.43604108309990663,0.4020270270270271,0.45109211775878444,train
893,2022.08.09,0.16117224743859832,0.42110177404295057,0.39020270270270274,0.4320987654320988,train
894,2022.08.10,0.15923020218267253,0.4042950513538748,0.3648648648648648,0.41310541310541316,train
895,2022.08.11,0.12497618441873438,0.41923436041083106,0.3783783783783784,0.4264007597340932,train
896,2022.08.12,0.0742741943313713,0.4248366013071896,0.39020270270270274,0.4283000949667616,train
897,2022.08.16,0.12375133653053703,0.43977591036414565,0.4054054054054054,0.44539411206077884,train
898,2022.08.17,0.05419099166019846,0.4285714285714286,0.3986486486486486,0.44539411206077884,train
899,2022.08.18,0.13930468351406244,0.4491129785247432,0.4104729729729729,0.439696106362773,train
900,2022.08.19,0.0293033570825193,0.43790849673202614,0.4054054054054054,0.45109211775878444,train
901,2022.08.22,0.044858555063195485,0.42110177404295057,0.3851351351351352,0.435897435897436,train
902,2022.08.23,0.05395945403546833,0.4042950513538748,0.3716216216216216,0.42070275403608737,train
903,2022.08.24,0.05217664110047672,0.40242763772175527,0.36993243243243235,0.42070275403608737,train
904,2022.08.25,0.015848388944466663,0.41549953314659205,0.37331081081081086,0.42070275403608737,train
905,2022.08.26,0.05929551793496332,0.42110177404295057,0.39358108108108103,0.4377967711301044,train
906,2022.08.29,0.06326915479954365,0.39495798319327724,0.35979729729729726,0.41310541310541316,train
907,2022.08.30,0.06150797175578582,0.39869281045751626,0.3614864864864864,0.40740740740740755,train
908,2022.08.31,0.11405147117835619,0.41549953314659205,0.37668918918918914,0.40550807217473894,train
909,2022.09.01,0.12222688321672477,0.3912231559290382,0.35979729729729726,0.40740740740740755,train
910,2022.09.02,0.12379304799463318,0.37441643323996265,0.3547297297297297,0.3922127255460589,train
911,2022.09.05,0.0817168210448737,0.3669467787114846,0.3412162162162161,0.37891737891737887,train
912,2022.09.06,0.03604851875641024,0.3669467787114846,0.33783783783783783,0.3808167141500475,train
913,2022.09.07,0.1510870370757989,0.34640522875817004,0.3226351351351351,0.36182336182336183,train
914,2022.09.08,0.15824844027878765,0.3389355742296918,0.31756756756756754,0.35612535612535623,train
915,2022.09.13,0.14854601379847365,0.3856209150326797,0.35304054054054046,0.37891737891737887,train
916,2022.09.14,0.09451063395534832,0.3613445378151261,0.33108108108108103,0.36562203228869905,train
917,2022.09.15,0.0844972981611589,0.34640522875817004,0.3293918918918919,0.36372269705603044,train
918,2022.09.16,0.10535517224366676,0.35014005602240905,0.31756756756756754,0.3542260208926876,train
919,2022.09.19,0.0916432414634165,0.35387488328664807,0.32770270270270263,0.36372269705603044,train
920,2022.09.20,0.11216500240292025,0.342670401493931,0.32770270270270263,0.3599240265906932,train
921,2022.09.21,0.08681256963503668,0.33333333333333326,0.3023648648648648,0.3447293447293448,train
922,2022.09.22,0.09755545441945128,0.3165266106442577,0.2888513513513513,0.33143399810066476,train
923,2022.09.23,0.07158857208794552,0.3183940242763772,0.2922297297297297,0.32953466286799615,train
924,2022.09.26,0.12342213843349249,0.30718954248366015,0.2804054054054054,0.31813865147198495,train
925,2022.09.27,0.14231441652274096,0.3127917833800187,0.2804054054054054,0.31623931623931634,train
926,2022.09.28,0.1814279653725232,0.28851540616246496,0.28378378378378377,0.2972459639126306,train
927,2022.09.29,0.11030952327789569,0.28291316526610644,0.27195945945945943,0.2991452991452992,train
928,2022.09.30,0.21067278903570802,0.292250233426704,0.2702702702702702,0.28395061728395066,train
929,2022.10.04,0.17161775032227722,0.33146591970121375,0.30067567567567566,0.335232668566002,train
930,2022.10.05,0.21015731543294136,0.34640522875817004,0.33108108108108103,0.352326685660019,train
931,2022.10.06,0.12267704805209557,0.35200746965452856,0.3327702702702702,0.36942070275403605,train
932,2022.10.07,0.1452890970004696,0.35014005602240905,0.3260135135135135,0.3485280151946818,train
933,2022.10.11,0.19827026993801583,0.33520074696545277,0.3057432432432432,0.32573599240265916,train
934,2022.10.12,0.16300857631008164,0.342670401493931,0.32770270270270263,0.3485280151946818,train
935,2022.10.13,0.10917473396805384,0.33146591970121375,0.3125,0.3485280151946818,train
936,2022.10.14,0.0991598382140015,0.35200746965452856,0.3192567567567567,0.3599240265906932,train
937,2022.10.17,0.10751321373315088,0.3576097105508871,0.32770270270270263,0.35802469135802484,train
938,2022.10.18,0.12123648332613617,0.3557422969187676,0.3293918918918919,0.3599240265906932,train
939,2022.10.19,0.09609027958043041,0.342670401493931,0.3260135135135135,0.35802469135802484,train
940,2022.10.20,0.14786000398651233,0.3370681605975723,0.31081081081081074,0.3466286799620134,train
941,2022.10.21,0.08206703203410175,0.34453781512605053,0.3158783783783783,0.3466286799620134,train
942,2022.10.24,0.14596069464593603,0.37441643323996265,0.3361486486486486,0.3770180436847105,train
943,2022.10.25,0.15132945949509502,0.37815126050420167,0.3547297297297297,0.3827160493827161,train
944,2022.10.26,0.1911350833739175,0.4098972922502335,0.3716216216216216,0.3960113960113961,train
945,2022.10.27,0.20198198488501334,0.41176470588235303,0.38006756756756743,0.41880341880341876,train
946,2022.10.28,0.1922988832806133,0.37068160597572364,0.3648648648648648,0.3865147198480533,train
947,2022.10.31,0.16988408776445946,0.4098972922502335,0.37668918918918914,0.4017094017094017,train
948,2022.11.01,0.148954234339918,0.42110177404295057,0.38344594594594594,0.4301994301994302,train
949,2022.11.02,0.10240307625947608,0.41363211951447254,0.3783783783783784,0.4264007597340932,train
950,2022.11.03,0.1523362622472274,0.4061624649859945,0.3749999999999999,0.40360873694207033,train
951,2022.11.04,0.09358955914672802,0.4098972922502335,0.36993243243243235,0.40930674264007594,train
952,2022.11.07,0.09348950052716166,0.4248366013071896,0.38344594594594594,0.4283000949667616,train
953,2022.11.08,0.16143683525773783,0.4547152194211017,0.4104729729729729,0.44919278252611583,train
954,2022.11.09,0.11221304683840023,0.45845004668534073,0.41554054054054046,0.4643874643874645,train
955,2022.11.10,0.19419290738404205,0.4285714285714286,0.4037162162162161,0.44729344729344744,train
956,2022.11.11,0.18196386979289764,0.4752567693744165,0.43243243243243235,0.4833808167141501,train
957,2022.11.14,0.13465579357568014,0.4565826330532212,0.4273648648648648,0.4719848053181387,train
958,2022.11.15,0.092019645808552,0.46591970121381876,0.420608108108108,0.4700854700854701,train
959,2022.11.16,0.09898444750284537,0.4715219421101775,0.4239864864864865,0.4719848053181387,train
960,2022.11.17,0.10351340679564618,0.4472455648926237,0.41216216216216217,0.4643874643874645,train
961,2022.11.18,0.09115255259608403,0.4547152194211017,0.41891891891891897,0.4662867996201331,train
962,2022.11.21,0.05787644340233952,0.4472455648926237,0.40878378378378366,0.45489078822412166,train
963,2022.11.22,0.05826284778868589,0.4323062558356676,0.3986486486486486,0.44539411206077884,train
964,2022.11.23,0.05073966195390375,0.43977591036414565,0.40033783783783783,0.45299145299145305,train
965,2022.11.24,0.04328864172501945,0.4472455648926237,0.4070945945945946,0.45679012345679026,train
966,2022.11.25,0.026442507108818583,0.43977591036414565,0.4070945945945946,0.45489078822412166,train
967,2022.11.28,0.048690549900519964,0.4229691876750701,0.38682432432432423,0.435897435897436,train
968,2022.11.29,0.030356690876234813,0.4323062558356676,0.3885135135135135,0.435897435897436,train
969,2022.11.30,0.17884092327924145,0.46218487394957974,0.41554054054054046,0.4434947768281102,train
970,2022.12.01,0.1423162325954172,0.469654528478058,0.43243243243243235,0.4833808167141501,train
971,2022.12.02,0.12717925519739626,0.4285714285714286,0.420608108108108,0.44729344729344744,train
972,2022.12.05,0.108978982288239,0.4267040149393091,0.3969594594594593,0.439696106362773,train
973,2022.12.06,0.11038193335511533,0.4061624649859945,0.38006756756756743,0.4245014245014246,train
974,2022.12.07,0.0895711607472748,0.40056022408963576,0.3716216216216216,0.41120607787274455,train
975,2022.12.08,0.09988730337724559,0.4061624649859945,0.3648648648648648,0.41310541310541316,train
976,2022.12.09,0.07128202833338801,0.4285714285714286,0.3885135135135135,0.4264007597340932,train
977,2022.12.12,0.053899418863728496,0.41176470588235303,0.3783783783783784,0.4283000949667616,train
978,2022.12.13,0.05395065306788342,0.41549953314659205,0.38344594594594594,0.4283000949667616,train
979,2022.12.14,0.04424877373767058,0.4304388422035481,0.3885135135135135,0.435897435897436,train
980,2022.12.15,0.0501691008132909,0.408029878618114,0.3817567567567567,0.4264007597340932,train
981,2022.12.16,0.1004319039917813,0.41176470588235303,0.36993243243243235,0.40740740740740755,train
982,2022.12.19,0.03829650240933473,0.41176470588235303,0.37668918918918914,0.422602089268756,train
983,2022.12.20,0.05678987315035035,0.39495798319327724,0.36317567567567566,0.41120607787274455,train
984,2022.12.21,0.0692719967670181,0.3837535014005602,0.36317567567567566,0.4017094017094017,train
985,2022.12.22,0.07350552992965768,0.4042950513538748,0.36317567567567566,0.40360873694207033,train
986,2022.12.23,0.06313036493770882,0.3856209150326797,0.3513513513513513,0.3960113960113961,train
987,2022.12.26,0.027356108079886615,0.3818860877684407,0.34628378378378377,0.3960113960113961,train
988,2022.12.27,0.07288151106001066,0.3856209150326797,0.3513513513513513,0.3998100664767331,train
989,2022.12.28,0.1194286528258801,0.3576097105508871,0.33783783783783783,0.37132003798670465,train
990,2022.12.29,0.08020293820535652,0.33333333333333326,0.31418918918918914,0.3504273504273504,train
991,2023.01.02,0.06548242352477215,0.3370681605975723,0.3125,0.3485280151946818,blind
992,2023.01.03,0.10640904154599194,0.33520074696545277,0.31081081081081074,0.335232668566002,blind
993,2023.01.04,0.18372066399435455,0.3800186741363212,0.3445945945945945,0.35612535612535623,blind
994,2023.01.05,0.13127289255650715,0.3874883286647992,0.3581081081081081,0.3941120607787275,blind
995,2023.01.06,0.15050653410143272,0.40242763772175527,0.3682432432432431,0.3998100664767331,blind
996,2023.01.09,0.16570005422373918,0.4341736694677871,0.39020270270270274,0.4320987654320988,blind
997,2023.01.10,0.12169160743689213,0.4285714285714286,0.3969594594594593,0.4377967711301044,blind
998,2023.01.11,0.09201691005804612,0.4304388422035481,0.3986486486486486,0.44539411206077884,blind
999,2023.01.12,0.13536754272537982,0.4304388422035481,0.3986486486486486,0.4377967711301044,blind
